Sigla;Geocod;nome;PA2020;RA2020;PF2020;RF2020;PM2020;RM2020;PS2020;RS2020;PT2020;RT2020;PA2021;RA2021;PF2021;RF2021;PM2021;RM2021;PS2021;RS2021;PT2021;RT2021;PA2022;RA2022;PF2022;RF2022;PM2022;RM2022;PS2022;RS2022;PT2022;RT2022;PA2023;RA2023;PF2023;RF2023;PM2023;RM2023;PS2023;RS2023;PT2023;RT2023;PA2024;RA2024;PF2024;RF2024;PM2024;RM2024;PS2024;RS2024;PT2024;RT2024
ME;4201;  Oeste Catarinense;53;64;51230;27152;1697196;1697196;1200017;1800026;96142;124985;21;25;41982;22250;872970;872970;1085213;1627820;171295;222684;22;26;60875;32264;1090657;1090657;912693;1369040;248901;323571;25;30;62773;33270;1417442;1417442;1442457;2163686;196934;256014;25;30;67533;35792;996043;996043;1369528;2054292;267335;347536
MI;42001;    São Miguel do Oeste;-;0;4450;2359;285343;285343;143465;215198;9212;11976;-;0;3603;1910;95885;95885;123453;185180;24693;32101;-;0;6050;3207;129354;129354;69480;104220;27916;36291;-;0;5844;3097;208107;208107;180748;271122;31013;40317;-;0;6179;3275;151999;151999;172261;258392;36935;48016
MU;4200804;      Anchieta;-;0;48;25;8700;8700;2792;4188;105;137;-;0;66;35;3240;3240;2640;3960;270;351;-;0;47;25;2808;2808;2160;3240;410;533;-;0;90;48;4980;4980;2880;4320;540;702;-;0;186;99;3360;3360;3480;5220;450;585
MU;4202081;      Bandeirante;-;0;32;17;9781;9781;2220;3330;240;312;-;0;15;8;4104;4104;1907;2861;450;585;-;0;20;11;5400;5400;1170;1755;540;702;-;0;39;21;10800;10800;2850;4275;495;644;-;0;18;10;2820;2820;3690;5535;728;946
MU;4202099;      Barra Bonita;-;0;16;8;6330;6330;227;341;-;0;-;0;8;4;2005;2005;378;567;192;250;-;0;6;3;3654;3654;275;413;156;203;-;0;12;6;5616;5616;460;690;173;225;-;0;30;16;3024;3024;768;1152;525;683
MU;4202156;      Belmonte;-;0;-;0;15264;15264;3215;4823;42;55;-;0;-;0;900;900;3114;4671;240;312;-;0;35;19;7140;7140;1164;1746;1008;1310;-;0;-;0;8850;8850;2700;4050;588;764;-;0;81;43;8805;8805;3780;5670;1552;2018
MU;4204905;      Descanso;-;0;180;95;36660;36660;8910;13365;231;300;-;0;180;95;21956;21956;7380;11070;252;328;-;0;120;64;19437;19437;3120;4680;1980;2574;-;0;120;64;27660;27660;11190;16785;4500;5850;-;0;474;251;25500;25500;12675;19013;6120;7956
MU;4205001;      Dionísio Cerqueira;-;0;492;261;10349;10349;27036;40554;2016;2621;-;0;600;318;4734;4734;23760;35640;4620;6006;-;0;1182;626;4955;4955;16686;25029;3900;5070;-;0;615;326;6000;6000;30210;45315;4500;5850;-;0;495;262;5040;5040;28080;42120;3300;4290
MU;4206405;      Guaraciaba;-;0;452;240;21421;21421;19056;28584;830;1079;-;0;411;218;10560;10560;16920;25380;3960;5148;-;0;603;320;12419;12419;8028;12042;4320;5616;-;0;704;373;20448;20448;23520;35280;3300;4290;-;0;599;317;16009;16009;21300;31950;2970;3861
MU;4206603;      Guarujá do Sul;-;0;77;41;3848;3848;3952;5928;420;546;-;0;153;81;1476;1476;4199;6299;783;1018;-;0;90;48;1479;1479;2955;4433;609;792;-;0;294;156;3354;3354;7281;10922;750;975;-;0;318;169;2920;2920;6946;10419;1320;1716
MU;4207650;      Iporã do Oeste;-;0;182;96;16150;16150;3172;4758;900;1170;-;0;273;145;5214;5214;2843;4265;1350;1755;-;0;69;37;9029;9029;1875;2813;1485;1931;-;0;240;127;13350;13350;4080;6120;1680;2184;-;0;210;111;8580;8580;5430;8145;3240;4212
MU;4208401;      Itapiranga;-;0;73;39;16110;16110;2772;4158;432;562;-;0;15;8;3878;3878;2829;4244;1320;1716;-;0;15;8;3900;3900;2259;3389;1200;1560;-;0;8;4;9075;9075;4380;6570;1260;1638;-;0;8;4;5733;5733;6090;9135;1800;2340
MU;4211009;      Mondaí;-;0;36;19;8640;8640;740;1110;-;0;-;0;22;12;2619;2619;1464;2196;198;257;-;0;36;19;7200;7200;869;1304;198;257;-;0;12;6;4410;4410;1449;2174;84;109;-;0;-;0;3456;3456;1449;2174;200;260
MU;4212007;      Palma Sola;-;0;1341;711;18360;18360;40290;60435;1840;2392;-;0;948;502;5520;5520;34375;51563;4200;5460;-;0;2646;1402;8700;8700;15330;22995;4860;6318;-;0;2502;1326;10200;10200;42360;63540;6600;8580;-;0;2316;1227;8880;8880;36105;54158;6000;7800
MU;4212239;      Paraíso;-;0;45;24;8663;8663;5958;8937;113;147;-;0;30;16;3208;3208;5200;7800;1800;2340;-;0;122;65;4140;4140;2820;4230;1290;1677;-;0;102;54;5670;5670;10160;15240;450;585;-;0;243;129;4158;4158;7125;10688;1320;1716
MU;4214151;      Princesa;-;0;162;86;9008;9008;1890;2835;126;164;-;0;120;64;3528;3528;1932;2898;360;468;-;0;114;60;4719;4719;1020;1530;800;1040;-;0;200;106;7680;7680;3480;5220;540;702;-;0;155;82;6210;6210;2745;4118;1200;1560
MU;4215075;      Riqueza;-;0;48;25;9000;9000;1656;2484;-;0;-;0;20;11;1700;1700;1260;1890;189;246;-;0;48;25;7260;7260;990;1485;-;0;-;0;24;13;5280;5280;2580;3870;105;137;-;0;24;13;5520;5520;2310;3465;330;429
MU;4215208;      Romelândia;-;0;273;145;8625;8625;824;1236;63;82;-;0;147;78;1821;1821;662;993;336;437;-;0;180;95;1923;1923;954;1431;360;468;-;0;114;60;5280;5280;3300;4950;480;624;-;0;57;30;4320;4320;3240;4860;420;546
MU;4215554;      Santa Helena;-;0;180;95;5940;5940;1260;1890;100;130;-;0;180;95;1352;1352;1260;1890;288;374;-;0;162;86;2790;2790;540;810;210;273;-;0;84;45;5670;5670;1870;2805;192;250;-;0;126;67;3150;3150;1884;2826;720;936
MU;4216255;      São João do Oeste;-;0;30;16;10851;10851;600;900;144;187;-;0;39;21;2099;2099;356;534;15;20;-;0;16;8;5040;5040;660;990;240;312;-;0;28;15;4860;4860;2460;3690;216;281;-;0;17;9;4650;4650;3000;4500;300;390
MU;4216701;      São José do Cedro;-;0;590;313;34320;34320;12840;19260;780;1014;-;0;300;159;10498;10498;8200;12300;2340;3042;-;0;510;270;12600;12600;4830;7245;1800;2340;-;0;600;318;30000;30000;15240;22860;1800;2340;-;0;798;423;22580;22580;13120;19680;1800;2340
MU;4217204;      São Miguel do Oeste;-;0;163;86;19727;19727;2906;4359;600;780;-;0;66;35;3206;3206;2079;3119;1350;1755;-;0;15;8;1836;1836;1080;1620;1650;2145;-;0;36;19;14424;14424;3528;5292;1320;1716;-;0;13;7;5784;5784;5424;8136;1800;2340
MU;4218756;      Tunápolis;-;0;30;16;7596;7596;1149;1724;230;299;-;0;10;5;2267;2267;695;1043;180;234;-;0;14;7;2925;2925;695;1043;900;1170;-;0;20;11;4500;4500;4770;7155;1440;1872;-;0;11;6;1500;1500;3620;5430;840;1092
MI;42002;    Chapecó;49;59;8259;4377;417674;417674;333682;500523;40305;52397;18;22;4588;2432;170220;170220;297316;445974;76266;99146;18;22;12185;6458;246342;246342;195181;292772;95499;124149;24;29;10657;5648;367300;367300;374394;561591;74305;96597;24;29;13352;7077;256103;256103;380941;571412;114085;148311
MU;4200507;      Águas de Chapecó;-;0;54;29;10080;10080;2280;3420;1320;1716;-;0;120;64;1764;1764;4410;6615;1620;2106;-;0;60;32;6200;6200;3330;4995;1680;2184;-;0;84;45;4800;4800;4690;7035;2100;2730;-;0;36;19;2800;2800;3336;5004;1620;2106
MU;4200556;      Águas Frias;-;0;72;38;5760;5760;2940;4410;420;546;-;0;21;11;900;900;1230;1845;1050;1365;-;0;45;24;4050;4050;1494;2241;945;1229;-;0;35;19;6156;6156;2763;4145;675;878;-;0;39;21;5016;5016;2820;4230;1088;1414
MU;4202578;      Bom Jesus do Oeste;-;0;-;0;2700;2700;7800;11700;2145;2789;-;0;-;0;2790;2790;5700;8550;3300;4290;-;0;-;0;2400;2400;5520;8280;3000;3900;-;0;-;0;4680;4680;8070;12105;1920;2496;-;0;-;0;4320;4320;6750;10125;3960;5148
MU;4203105;      Caibi;-;0;48;25;9000;9000;3480;5220;600;780;-;0;10;5;2100;2100;2640;3960;900;1170;-;0;6;3;6000;6000;1260;1890;640;832;-;0;8;4;6860;6860;2900;4350;240;312;-;0;8;4;6000;6000;2580;3870;720;936
MU;4203501;      Campo Erê;-;0;1953;1035;40320;40320;86040;129060;4050;5265;-;0;996;528;14700;14700;79800;119700;4320;5616;-;0;6480;3434;19440;19440;49200;73800;8550;11115;-;0;4320;2290;29400;29400;66480;99720;5600;7280;-;0;7500;3975;18000;18000;78400;117600;10800;14040
MU;4204103;      Caxambu do Sul;-;0;200;106;27000;27000;11330;16995;2700;3510;-;0;-;0;4800;4800;9470;14205;5610;7293;-;0;12;6;20160;20160;6380;9570;6600;8580;-;0;9;5;19080;19080;13290;19935;5040;6552;-;0;9;5;16080;16080;13500;20250;5400;7020
MU;4204202;      Chapecó;-;0;1824;967;32634;32634;37800;56700;4480;5824;-;0;820;435;23675;23675;38850;58275;7000;9100;-;0;1134;601;23674;23674;22896;34344;8120;10556;-;0;1011;536;34650;34650;55250;82875;8320;10816;-;0;810;429;33540;33540;41040;61560;12210;15873
MU;4204350;      Cordilheira Alta;-;0;18;10;930;930;870;1305;270;351;-;0;63;33;1188;1188;1110;1665;190;247;-;0;28;15;800;800;780;1170;300;390;-;0;39;21;1596;1596;880;1320;260;338;-;0;43;23;1215;1215;1125;1688;330;429
MU;4204400;      Coronel Freitas;-;0;174;92;3360;3360;6300;9450;171;222;-;0;170;90;3360;3360;7524;11286;1200;1560;-;0;240;127;2700;2700;3864;5796;2310;3003;-;0;294;156;5184;5184;9270;13905;1080;1404;-;0;183;97;3600;3600;8310;12465;1980;2574
MU;4204707;      Cunha Porã;-;0;90;48;19440;19440;12720;19080;3000;3900;-;0;23;12;5940;5940;9320;13980;5940;7722;-;0;24;13;5670;5670;7260;10890;7200;9360;-;0;12;6;8100;8100;16920;25380;2400;3120;-;0;12;6;8640;8640;15960;23940;9000;11700
MU;4204756;      Cunhataí;-;0;15;8;3360;3360;1314;1971;231;300;-;0;8;4;912;912;954;1431;714;928;-;0;4;2;2160;2160;300;450;684;889;-;0;4;2;5670;5670;1950;2925;513;667;-;0;6;3;4494;4494;1830;2745;720;936
MU;4205357;      Flor do Sertão;-;0;60;32;2130;2130;2130;3195;46;60;-;0;13;7;264;264;1485;2228;144;187;-;0;14;7;390;390;480;720;191;248;-;0;26;14;2958;2958;1650;2475;240;312;-;0;22;12;1470;1470;1683;2525;216;281
MU;4205431;      Formosa do Sul;-;0;21;11;1260;1260;1470;2205;140;182;-;0;11;6;900;900;592;888;192;250;-;0;20;11;576;576;360;540;600;780;-;0;4;2;792;792;1404;2106;360;468;-;0;75;40;648;648;1572;2358;324;421
MU;4206652;      Guatambú;5;6;557;295;10980;10980;12600;18900;1350;1755;5;6;102;54;1500;1500;11340;17010;2820;3666;5;6;146;77;7800;7800;6600;9900;2269;2950;5;6;252;134;8160;8160;13200;19800;1800;2340;5;6;441;234;5304;5304;12420;18630;3894;5062
MU;4207759;      Iraceminha;-;0;16;8;11300;11300;10230;15345;1224;1591;-;0;8;4;4470;4470;6540;9810;3000;3900;-;0;6;3;5280;5280;4488;6732;2430;3159;-;0;12;6;7920;7920;9804;14706;2400;3120;-;0;15;8;5122;5122;9720;14580;6480;8424
MU;4207858;      Irati;6;7;70;37;756;756;3960;5940;347;451;-;0;18;10;840;840;3564;5346;200;260;-;0;150;80;720;720;2025;3038;990;1287;-;0;99;52;1326;1326;5826;8739;1120;1456;-;0;42;22;672;672;6408;9612;300;390
MU;4208955;      Jardinópolis;-;0;56;30;1680;1680;1980;2970;123;160;-;0;50;27;672;672;1980;2970;420;546;-;0;12;6;720;720;1620;2430;480;624;-;0;36;19;690;690;1980;2970;1260;1638;-;0;60;32;300;300;2430;3645;1890;2457
MU;4210506;      Maravilha;-;0;30;16;19474;19474;10466;15699;1155;1502;-;0;20;11;4200;4200;9270;13905;5400;7020;-;0;18;10;4680;4680;4920;7380;5400;7020;-;0;24;13;11220;11220;13260;19890;2700;3510;-;0;24;13;7200;7200;12870;19305;6480;8424
MU;4210902;      Modelo;-;0;36;19;6240;6240;6105;9158;1230;1599;-;0;24;13;3840;3840;5920;8880;2700;3510;-;0;28;15;3120;3120;6930;10395;2400;3120;-;0;48;25;9600;9600;6510;9765;2700;3510;-;0;99;52;5400;5400;7740;11610;3960;5148
MU;4211405;      Nova Erechim;-;0;-;0;3000;3000;3600;5400;360;468;-;0;-;0;1050;1050;2970;4455;720;936;-;0;-;0;2730;2730;3300;4950;810;1053;-;0;-;0;3200;3200;3300;4950;500;650;-;0;4;2;2880;2880;2574;3861;900;1170
MU;4211454;      Nova Itaberaba;-;0;45;24;6750;6750;1800;2700;270;351;-;0;23;12;1560;1560;1875;2813;810;1053;-;0;45;24;5760;5760;1440;2160;720;936;-;0;45;24;7200;7200;2400;3600;396;515;-;0;45;24;4320;4320;1920;2880;870;1131
MU;4211652;      Novo Horizonte;-;0;192;102;4500;4500;13680;20520;216;281;-;0;245;130;1440;1440;15960;23940;1920;2496;-;0;902;478;3180;3180;2850;4275;4800;6240;-;0;41;22;5040;5040;14820;22230;3200;4160;-;0;225;119;1560;1560;12000;18000;1200;1560
MU;4212106;      Palmitos;-;0;447;237;45000;45000;8280;12420;810;1053;-;0;55;29;10500;10500;7230;10845;2970;3861;-;0;84;45;27000;27000;7314;10971;3600;4680;-;0;48;25;34920;34920;12600;18900;2100;2730;-;0;93;49;16056;16056;12930;19395;3780;4914
MU;4212908;      Pinhalzinho;15;18;456;242;15960;15960;8400;12600;5103;6634;9;11;339;180;6840;6840;7280;10920;3000;3900;4;5;247;131;8820;8820;5544;8316;3900;5070;10;12;530;281;16290;16290;10230;15345;4350;5655;10;12;368;195;12489;12489;13680;20520;2970;3861
MU;4213153;      Planalto Alegre;-;0;24;13;3650;3650;540;810;300;390;-;0;7;4;816;816;1350;2025;735;956;-;0;14;7;3150;3150;858;1287;429;558;-;0;12;6;2721;2721;1515;2273;429;558;-;0;5;3;1755;1755;1884;2826;828;1076
MU;4214201;      Quilombo;7;8;501;266;25500;25500;20100;30150;2420;3146;-;0;171;91;18000;18000;14835;22253;2583;3358;-;0;1140;604;18000;18000;10980;16470;4050;5265;-;0;2400;1272;33600;33600;24000;36000;3600;4680;-;0;750;398;30240;30240;21900;32850;6480;8424
MU;4215356;      Saltinho;-;0;8;4;4800;4800;2940;4410;229;298;-;0;35;19;3750;3750;3036;4554;200;260;-;0;51;27;1890;1890;1650;2475;1800;2340;-;0;25;13;4050;4050;4680;7020;1650;2145;-;0;15;8;2160;2160;5850;8775;1800;2340
MU;4215687;      Santa Terezinha do Progresso;-;0;33;17;1200;1200;825;1238;-;0;-;0;35;19;1020;1020;750;1125;48;62;-;0;33;17;720;720;960;1440;510;663;-;0;27;14;990;990;1371;2057;52;68;-;0;21;11;336;336;1173;1760;83;108
MU;4215695;      Santiago do Sul;6;7;189;100;1350;1350;3300;4950;360;468;-;0;900;477;840;840;2980;4470;180;234;-;0;270;143;2160;2160;930;1395;315;410;-;0;45;24;5100;5100;3825;5738;396;515;-;0;180;95;2400;2400;4380;6570;1260;1638
MU;4215752;      São Bernardino;4;5;103;55;2700;2700;5460;8190;40;52;-;0;36;19;3000;3000;4620;6930;48;62;-;0;27;14;2100;2100;1400;2100;480;624;-;0;55;29;2940;2940;7020;10530;180;234;-;0;108;57;720;720;7686;11529;450;585
MU;4216008;      São Carlos;-;0;83;44;18900;18900;2634;3951;216;281;-;0;50;27;6720;6720;2018;3027;720;936;-;0;27;14;6480;6480;2163;3245;972;1264;-;0;36;19;5472;5472;2700;4050;360;468;-;0;24;13;4320;4320;3600;5400;540;702
MU;4216909;      São Lourenço do Oeste;-;0;624;331;24300;24300;15120;22680;800;1040;-;0;126;67;12558;12558;10800;16200;1920;2496;-;0;630;334;11040;11040;4800;7200;4950;6435;-;0;888;471;18675;18675;17280;25920;3360;4368;-;0;1728;916;9675;9675;18300;27450;4500;5850
MU;4217154;      São Miguel da Boa Vista;-;0;60;32;3150;3150;1485;2228;-;0;-;0;6;3;1701;1701;858;1287;528;686;-;0;55;29;1080;1080;375;563;-;0;-;0;9;5;2736;2736;1536;2304;600;780;-;0;11;6;1824;1824;1845;2768;1044;1357
MU;4217303;      Saudades;2;2;45;24;27000;27000;8520;12780;1200;1560;2;2;15;8;10800;10800;5700;8550;3960;5148;6;7;5;3;20280;20280;10800;16200;2310;3003;6;7;7;4;31680;31680;13920;20880;5328;6926;6;7;27;14;19800;19800;22200;33300;6480;8424
MU;4217550;      Serra Alta;-;0;12;6;3240;3240;6300;9450;1290;1677;-;0;-;0;1620;1620;6300;9450;3960;5148;-;0;-;0;3802;3802;2850;4275;3960;5148;-;0;-;0;5322;5322;6300;9450;2100;2730;-;0;225;119;4197;4197;5520;8280;3600;4680
MU;4217758;      Sul Brasil;4;5;38;20;4950;4950;891;1337;24;31;2;2;38;20;3135;3135;735;1103;1224;1591;3;4;14;7;3960;3960;945;1418;1224;1591;3;4;17;9;5850;5850;1200;1800;576;749;3;4;18;10;2970;2970;2700;4050;1008;1310
MU;4217956;      Tigrinhos;-;0;7;4;7020;7020;3120;4680;405;527;-;0;9;5;3780;3780;3240;4860;1620;2106;-;0;22;12;2970;2970;2475;3713;1980;2574;-;0;27;14;4872;4872;4800;7200;2400;3120;-;0;27;14;4095;4095;4305;6458;2520;3276
MU;4218855;      União do Oeste;-;0;98;52;6300;6300;4872;7308;1260;1638;-;0;21;11;2275;2275;3080;4620;2400;3120;-;0;192;102;4680;4680;3840;5760;3900;5070;-;0;128;68;7800;7800;4800;7200;2000;2600;-;0;54;29;4485;4485;6000;9000;2400;3120
MI;42003;    Xanxerê;1;1;32416;17180;324920;324920;549210;823815;36194;47052;1;1;27344;14492;170400;170400;481967;722951;45782;59517;1;1;36619;19408;198275;198275;433776;650664;83805;108947;1;1;39345;20853;256072;256072;624590;936885;60714;78928;1;1;42829;22699;176250;176250;562440;843660;78555;102122
MU;4200101;      Abelardo Luz;-;0;14460;7664;115200;115200;184920;277380;10500;13650;-;0;9000;4770;50000;50000;159900;239850;7020;9126;-;0;13140;6964;45000;45000;180000;270000;19800;25740;-;0;13815;7322;85200;85200;225630;338445;19200;24960;-;0;13170;6980;50160;50160;188400;282600;22680;29484
MU;4202537;      Bom Jesus;-;0;678;359;13200;13200;10050;15075;56;73;-;0;650;345;7776;7776;9300;13950;300;390;-;0;525;278;6120;6120;7695;11543;1200;1560;-;0;460;244;7200;7200;13200;19800;1080;1404;-;0;846;448;4680;4680;13560;20340;2400;3120
MU;4204459;      Coronel Martins;-;0;25;13;3840;3840;8280;12420;280;364;-;0;49;26;2840;2840;5940;8910;492;640;-;0;79;42;680;680;1980;2970;1215;1580;-;0;131;69;1350;1350;11340;17010;600;780;-;0;122;65;1290;1290;8910;13365;990;1287
MU;4205175;      Entre Rios;1;1;180;95;840;840;6480;9720;273;355;1;1;120;64;900;900;3744;5616;540;702;1;1;185;98;585;585;2520;3780;945;1229;1;1;159;84;1452;1452;4620;6930;714;928;1;1;239;127;960;960;5940;8910;540;702
MU;4205308;      Faxinal dos Guedes;-;0;1350;716;22770;22770;45630;68445;3300;4290;-;0;2430;1288;12000;12000;45840;68760;9000;11700;-;0;1860;986;25200;25200;43500;65250;10440;13572;-;0;1980;1049;19800;19800;53000;79500;8700;11310;-;0;1770;938;15240;15240;49140;73710;7200;9360
MU;4205605;      Galvão;-;0;850;451;5000;5000;14790;22185;760;988;-;0;1210;641;1580;1580;5040;7560;1200;1560;-;0;2135;1132;2160;2160;6525;9788;2400;3120;-;0;1585;840;5200;5200;21180;31770;1050;1365;-;0;1845;978;3840;3840;13980;20970;2700;3510
MU;4207684;      Ipuaçu;-;0;4380;2321;20400;20400;40020;60030;1540;2002;-;0;3391;1797;5250;5250;35880;53820;980;1274;-;0;2760;1463;13350;13350;18990;28485;3600;4680;-;0;5040;2671;16080;16080;34260;51390;4050;5265;-;0;1650;875;13740;13740;36630;54945;3600;4680
MU;4209177;      Jupiá;-;0;309;164;7200;7200;8310;12465;33;43;-;0;114;60;3240;3240;3696;5544;810;1053;-;0;350;186;3780;3780;4056;6084;880;1144;-;0;170;90;4640;4640;10180;15270;480;624;-;0;381;202;2340;2340;7020;10530;480;624
MU;4209458;      Lajeado Grande;-;0;463;245;7200;7200;8640;12960;1350;1755;-;0;378;200;3780;3780;5400;8100;1500;1950;-;0;540;286;5040;5040;5760;8640;2340;3042;-;0;240;127;8820;8820;10800;16200;1560;2028;-;0;588;312;8640;8640;10080;15120;1950;2535
MU;4210555;      Marema;-;0;102;54;4500;4500;3000;4500;-;0;-;0;47;25;1200;1200;2400;3600;150;195;-;0;162;86;1920;1920;1440;2160;495;644;-;0;189;100;4300;4300;2800;4200;360;468;-;0;161;85;3060;3060;2790;4185;405;527
MU;4211850;      Ouro Verde;-;0;3748;1986;21660;21660;42000;63000;5280;6864;-;0;4032;2137;16000;16000;36600;54900;6600;8580;-;0;5472;2900;27570;27570;34224;51336;7000;9100;-;0;4350;2306;20100;20100;39060;58590;5040;6552;-;0;5640;2989;17100;17100;39180;58770;7020;9126
MU;4212270;      Passos Maia;-;0;160;85;15120;15120;22620;33930;-;0;-;0;98;52;10800;10800;23000;34500;600;780;-;0;108;57;7800;7800;20400;30600;1600;2080;-;0;84;45;7800;7800;28800;43200;1050;1365;-;0;480;254;6720;6720;29700;44550;600;780
MU;4213401;      Ponte Serrada;-;0;20;11;9600;9600;20202;30303;-;0;-;0;15;8;6600;6600;16500;24750;900;1170;-;0;18;10;5880;5880;20670;31005;990;1287;-;0;18;10;4500;4500;23940;35910;900;1170;-;0;15;8;2880;2880;21240;31860;150;195
MU;4216107;      São Domingos;-;0;2121;1124;27000;27000;53100;79650;3000;3900;-;0;2625;1391;17360;17360;59520;89280;6000;7800;-;0;3700;1961;22320;22320;35136;52704;15480;20124;-;0;7230;3832;25680;25680;63100;94650;10500;13650;-;0;10900;5777;6660;6660;55920;83880;12000;15600
MU;4219101;      Vargeão;-;0;90;48;7200;7200;17250;25875;630;819;-;0;80;42;6000;6000;18975;28463;1650;2145;-;0;80;42;5850;5850;17400;26100;2100;2730;-;0;90;48;6750;6750;24360;36540;1200;1560;-;0;84;45;6300;6300;20880;31320;990;1287
MU;4219507;      Xanxerê;-;0;2100;1113;33390;33390;45942;68913;6600;8580;-;0;1725;914;20034;20034;34782;52173;4800;6240;-;0;4320;2290;19080;19080;25650;38475;8640;11232;-;0;2964;1571;28620;28620;42000;63000;1260;1638;-;0;4368;2315;22500;22500;42000;63000;10890;14157
MU;4219705;      Xaxim;-;0;1380;731;10800;10800;17976;26964;2592;3370;-;0;1380;731;5040;5040;15450;23175;3240;4212;-;0;1185;628;5940;5940;7830;11745;4680;6084;-;0;840;445;8580;8580;16320;24480;2970;3861;-;0;570;302;10140;10140;17070;25605;3960;5148
MI;42004;    Joaçaba;-;0;5428;2877;507766;507766;151532;227298;8991;11688;-;0;5911;3133;374299;374299;160752;241128;18864;24523;-;0;5389;2856;424066;424066;192658;288987;33004;42905;-;0;6565;3479;490048;490048;230181;345272;23107;30039;-;0;4791;2539;337599;337599;220106;330159;28968;37658
MU;4200408;      Água Doce;-;0;90;48;49560;49560;52938;79407;-;0;-;0;65;34;42480;42480;58080;87120;800;1040;-;0;80;42;37800;37800;83700;125550;1680;2184;-;0;-;0;36500;36500;90000;135000;984;1279;-;0;-;0;27000;27000;82000;123000;840;1092
MU;4201604;      Arroio Trinta;-;0;17;9;12090;12090;495;743;250;325;-;0;17;9;6200;6200;495;743;375;488;-;0;14;7;10440;10440;875;1313;810;1053;-;0;29;15;8700;8700;825;1238;459;597;-;0;12;6;5220;5220;825;1238;375;488
MU;4203006;      Caçador;-;0;378;200;24000;24000;6600;9900;240;312;-;0;342;181;19600;19600;7040;10560;357;464;-;0;235;125;13680;13680;5472;8208;1050;1365;-;0;324;172;21000;21000;9600;14400;360;468;-;0;288;153;19500;19500;10400;15600;500;650
MU;4203154;      Calmon;-;0;38;20;2310;2310;2750;4125;-;0;-;0;58;31;2100;2100;3300;4950;130;169;-;0;91;48;2750;2750;2340;3510;300;390;-;0;135;72;5000;5000;4500;6750;240;312;-;0;130;69;4800;4800;4250;6375;300;390
MU;4203907;      Capinzal;-;0;216;114;7140;7140;13254;19881;2480;3224;-;0;588;312;5148;5148;14946;22419;5600;7280;-;0;840;445;9300;9300;18000;27000;6500;8450;-;0;-;0;7590;7590;21000;31500;6612;8596;-;0;-;0;6250;6250;16000;24000;7440;9672
MU;4204004;      Catanduvas;-;0;-;0;4680;4680;1200;1800;-;0;-;0;-;0;4320;4320;1304;1956;-;0;-;0;-;0;4000;4000;2200;3300;1100;1430;-;0;-;0;3250;3250;2400;3600;999;1299;-;0;-;0;2050;2050;2160;3240;1170;1521
MU;4205209;      Erval Velho;-;0;9;5;10800;10800;5400;8100;380;494;-;0;8;4;11490;11490;5796;8694;1230;1599;-;0;-;0;27000;27000;7200;10800;1260;1638;-;0;-;0;26730;26730;10350;15525;684;889;-;0;-;0;16000;16000;9250;13875;780;1014
MU;4205506;      Fraiburgo;-;0;2550;1352;56550;56550;18150;27225;1768;2298;-;0;2783;1475;33150;33150;18810;28215;1950;2535;-;0;2625;1391;44850;44850;17400;26100;4200;5460;-;0;4005;2123;54600;54600;19372;29058;1560;2028;-;0;2460;1304;32400;32400;23040;34560;2635;3426
MU;4206702;      Herval d'Oeste;-;0;4;2;14440;14440;1440;2160;116;151;-;0;4;2;14554;14554;1320;1980;195;254;-;0;-;0;12350;12350;1440;2160;546;710;-;0;-;0;11500;11500;1650;2475;350;455;-;0;-;0;7800;7800;1780;2670;546;710
MU;4206751;      Ibiam;-;0;57;30;6534;6534;1030;1545;120;156;-;0;57;30;6050;6050;1266;1899;425;553;-;0;43;23;5324;5324;870;1305;500;650;-;0;57;30;7260;7260;1278;1917;300;390;-;0;48;25;6615;6615;1180;1770;520;676
MU;4206801;      Ibicaré;-;0;6;3;22752;22752;660;990;140;182;-;0;5;3;21197;21197;600;900;180;234;-;0;6;3;22500;22500;1450;2175;1050;1365;-;0;6;3;21000;21000;1650;2475;648;842;-;0;6;3;14000;14000;1850;2775;780;1014
MU;4207577;      Iomerê;-;0;11;6;18450;18450;1350;2025;138;179;-;0;8;4;9635;9635;1350;2025;300;390;-;0;11;6;9594;9594;1215;1823;308;400;-;0;11;6;14350;14350;1575;2363;240;312;-;0;11;6;12300;12300;1350;2025;875;1138
MU;4208609;      Jaborá;-;0;-;0;16146;16146;1500;2250;60;78;-;0;-;0;15856;15856;1610;2415;73;95;-;0;-;0;18000;18000;3600;5400;1200;1560;-;0;-;0;18000;18000;5300;7950;1200;1560;-;0;-;0;10000;10000;5500;8250;2520;3276
MU;4209003;      Joaçaba;-;0;19;10;25620;25620;1716;2574;75;98;-;0;18;10;23180;23180;1760;2640;400;520;-;0;12;6;27000;27000;4700;7050;1000;1300;-;0;24;13;25400;25400;5400;8100;600;780;-;0;7;4;16700;16700;5210;7815;975;1268
MU;4209201;      Lacerdópolis;-;0;-;0;12714;12714;187;281;87;113;-;0;-;0;9617;9617;184;276;180;234;-;0;-;0;18000;18000;1510;2265;580;754;-;0;-;0;17500;17500;1700;2550;350;455;-;0;-;0;13000;13000;1777;2666;585;761
MU;4209706;      Lebon Régis;-;0;1081;573;25200;25200;10989;16484;448;582;-;0;1089;577;15300;15300;10890;16335;1215;1580;-;0;684;363;11895;11895;7560;11340;1200;1560;-;0;1197;634;23485;23485;11550;17325;1440;1872;-;0;1140;604;16909;16909;12540;18810;1050;1365
MU;4210035;      Luzerna;-;0;29;15;11760;11760;686;1029;50;65;-;0;18;10;9120;9120;1386;2079;183;238;-;0;21;11;18000;18000;1512;2268;350;455;-;0;20;11;16800;16800;1770;2655;243;316;-;0;8;4;11340;11340;2080;3120;351;456
MU;4210050;      Macieira;-;0;14;7;8400;8400;290;435;-;0;-;0;14;7;5040;5040;297;446;338;439;-;0;14;7;7560;7560;435;653;828;1076;-;0;14;7;8640;8640;540;810;400;520;-;0;8;4;6480;6480;444;666;250;325
MU;4210704;      Matos Costa;-;0;272;144;7200;7200;900;1350;-;0;-;0;207;110;6000;6000;920;1380;-;0;-;0;212;112;5980;5980;957;1436;63;82;-;0;86;46;6593;6593;1200;1800;25;33;-;0;89;47;4025;4025;1209;1814;13;17
MU;4211801;      Ouro;-;0;27;14;15960;15960;1650;2475;150;195;-;0;16;8;15200;15200;1760;2640;183;238;-;0;18;10;9000;9000;2500;3750;780;1014;-;0;16;8;15800;15800;3000;4500;810;1053;-;0;7;4;11500;11500;3000;4500;1170;1521
MU;4213005;      Pinheiro Preto;-;0;11;6;7500;7500;828;1242;22;29;-;0;11;6;4220;4220;165;248;168;218;-;0;11;6;6000;6000;121;182;600;780;-;0;11;6;7200;7200;600;900;140;182;-;0;54;29;6300;6300;625;938;168;218
MU;4214409;      Rio das Antas;-;0;49;26;34200;34200;6300;9450;125;163;-;0;50;27;13680;13680;6359;9539;1250;1625;-;0;40;21;24500;24500;5940;8910;1404;1825;-;0;104;55;25110;25110;7040;10560;945;1229;-;0;83;44;13750;13750;7680;11520;975;1268
MU;4215406;      Salto Veloso;-;0;20;11;9600;9600;100;150;150;195;-;0;20;11;1410;1410;130;195;210;273;-;0;20;11;9000;9000;231;347;270;351;-;0;20;11;8100;8100;231;347;200;260;-;0;20;11;6750;6750;196;294;30;39
MU;4217907;      Tangará;-;0;105;56;39600;39600;9000;13500;1640;2132;-;0;108;57;27500;27500;9000;13500;2210;2873;-;0;106;56;26460;26460;9450;14175;3000;3900;-;0;105;56;33840;33840;10850;16275;1500;1950;-;0;105;56;25380;25380;10616;15924;1560;2028
MU;4218509;      Treze Tílias;-;0;-;0;14985;14985;1344;2016;-;0;-;0;-;0;14060;14060;1304;1956;183;238;-;0;-;0;9000;9000;2800;4200;1550;2015;-;0;-;0;15500;15500;3400;5100;720;936;-;0;-;0;9200;9200;3040;4560;780;1014
MU;4219176;      Vargem Bonita;-;0;-;0;10800;10800;3600;5400;-;0;-;0;-;0;9192;9192;3260;4890;-;0;-;0;-;0;7623;7623;3660;5490;-;0;-;0;-;0;6500;6500;4200;6300;468;608;-;0;-;0;2930;2930;4070;6105;780;1014
MU;4219309;      Videira;-;0;425;225;38775;38775;7175;10763;552;718;-;0;425;225;29000;29000;7420;11130;729;948;-;0;306;162;26460;26460;5520;8280;875;1138;-;0;401;213;44100;44100;9200;13800;630;819;-;0;315;167;29400;29400;8034;12051;1000;1300
MI;42005;    Concórdia;3;4;677;359;161493;161493;22128;33192;1440;1872;2;2;536;284;62166;62166;21725;32588;5690;7397;3;4;632;335;92620;92620;21598;32397;8677;11280;-;0;362;192;95915;95915;32544;48816;7795;10134;-;0;382;202;74092;74092;33780;50670;8792;11430
MU;4200754;      Alto Bela Vista;-;0;16;8;4680;4680;660;990;160;208;-;0;9;5;2000;2000;600;900;245;319;-;0;15;8;2160;2160;1406;2109;850;1105;-;0;6;3;2160;2160;1200;1800;351;456;-;0;6;3;2970;2970;1476;2214;666;866
MU;4201273;      Arabutã;3;4;30;16;6498;6498;195;293;-;0;2;2;13;7;3150;3150;150;225;-;0;3;4;9;5;3150;3150;135;203;-;0;-;0;9;5;2100;2100;70;105;-;0;-;0;7;4;2100;2100;36;54;-;0
MU;4201653;      Arvoredo;-;0;18;10;2400;2400;200;300;-;0;-;0;-;0;1000;1000;230;345;-;0;-;0;20;11;1200;1200;150;225;60;78;-;0;21;11;3150;3150;624;936;135;176;-;0;21;11;972;972;750;1125;60;78
MU;4204301;      Concórdia;-;0;300;159;50400;50400;5070;7605;960;1248;-;0;270;143;16616;16616;4880;7320;1500;1950;-;0;100;53;37800;37800;6000;9000;2100;2730;-;0;100;53;36000;36000;7590;11385;2040;2652;-;0;60;32;30000;30000;7320;10980;2700;3510
MU;4207601;      Ipira;-;0;40;21;9360;9360;600;900;320;416;-;0;12;6;2700;2700;520;780;360;468;-;0;35;19;4800;4800;500;750;648;842;-;0;20;11;3825;3825;980;1470;270;351;-;0;15;8;4590;4590;1224;1836;459;597
MU;4207700;      Ipumirim;-;0;30;16;9000;9000;900;1350;-;0;-;0;21;11;3800;3800;1000;1500;650;845;-;0;22;12;4800;4800;1000;1500;240;312;-;0;25;13;5760;5760;1560;2340;240;312;-;0;21;11;3600;3600;1080;1620;360;468
MU;4207809;      Irani;-;0;30;16;13800;13800;9500;14250;-;0;-;0;30;16;8400;8400;9360;14040;1050;1365;-;0;18;10;8100;8100;6720;10080;1500;1950;-;0;23;12;9300;9300;12000;18000;1800;2340;-;0;10;5;3840;3840;13260;19890;1518;1973
MU;4208005;      Itá;-;0;36;19;5850;5850;1120;1680;-;0;-;0;25;13;1900;1900;750;1125;600;780;-;0;30;16;4320;4320;735;1103;700;910;-;0;10;5;1440;1440;1800;2700;550;715;-;0;7;4;1440;1440;1650;2475;528;686
MU;4209854;      Lindóia do Sul;-;0;28;15;7590;7590;782;1173;-;0;-;0;20;11;2300;2300;750;1125;45;59;-;0;29;15;3360;3360;975;1463;-;0;-;0;-;0;7500;7500;1040;1560;-;0;-;0;-;0;2100;2100;750;1125;150;195
MU;4211876;      Paial;-;0;20;11;3600;3600;448;672;-;0;-;0;10;5;2400;2400;350;525;120;156;-;0;18;10;2170;2170;200;300;30;39;-;0;10;5;1800;1800;360;540;24;31;-;0;7;4;960;960;630;945;200;260
MU;4212601;      Peritiba;-;0;11;6;9525;9525;360;540;-;0;-;0;5;3;2700;2700;300;450;240;312;-;0;12;6;4320;4320;660;990;450;585;-;0;12;6;2400;2400;550;825;75;98;-;0;-;0;3300;3300;264;396;216;281
MU;4213104;      Piratuba;-;0;23;12;3150;3150;1197;1796;-;0;-;0;20;11;2100;2100;1700;2550;640;832;-;0;200;106;1800;1800;1890;2835;1650;2145;-;0;24;13;1890;1890;2640;3960;1500;1950;-;0;138;73;2400;2400;2640;3960;1152;1498
MU;4213906;      Presidente Castello Branco;-;0;5;3;4200;4200;90;135;-;0;-;0;5;3;2400;2400;90;135;-;0;-;0;5;3;4320;4320;105;158;124;161;-;0;5;3;2300;2300;90;135;120;156;-;0;4;2;2800;2800;75;113;45;59
MU;4217501;      Seara;-;0;70;37;24960;24960;690;1035;-;0;-;0;75;40;8000;8000;720;1080;-;0;-;0;60;32;7200;7200;450;675;325;423;-;0;75;40;14400;14400;1080;1620;360;468;-;0;60;32;9600;9600;1650;2475;450;585
MU;4219606;      Xavantina;-;0;20;11;6480;6480;316;474;-;0;-;0;21;11;2700;2700;325;488;240;312;-;0;59;31;3120;3120;672;1008;-;0;-;0;22;12;1890;1890;960;1440;330;429;-;0;26;14;3420;3420;975;1463;288;374
ME;4202;  Norte Catarinense;139503;167404;16398;8691;286999;286999;540076;810114;47356;61563;135884;163061;17994;9537;288094;288094;527220;790830;78543;102106;141996;170395;19109;10128;277489;277489;549020;823530;70073;91095;143875;172650;19868;10530;342223;342223;650906;976359;33097;43026;146939;176327;16010;8485;262936;262936;597440;896160;61270;79651
MI;42006;    Canoinhas;480;576;15226;8070;257670;257670;490876;736314;46780;60814;480;576;16826;8918;259300;259300;478020;717030;77930;101309;440;528;17803;9436;247080;247080;507500;761250;66363;86272;480;576;18328;9714;312110;312110;602952;904428;30287;39373;390;468;14485;7677;239310;239310;555968;833952;59555;77422
MU;4202131;      Bela Vista do Toldo;-;0;477;253;13200;13200;21960;32940;1320;1716;-;0;480;254;11520;11520;21810;32715;2040;2652;-;0;870;461;10800;10800;21220;31830;1900;2470;-;0;890;472;12480;12480;23600;35400;600;780;-;0;685;363;8500;8500;21780;32670;1190;1547
MU;4203808;      Canoinhas;-;0;3120;1654;36800;36800;85100;127650;9800;12740;-;0;3264;1730;39360;39360;84300;126450;17500;22750;-;0;3280;1738;40320;40320;85720;128580;13200;17160;-;0;3540;1876;51480;51480;106900;160350;7750;10075;-;0;2460;1304;39360;39360;108400;162600;15750;20475
MU;4207908;      Irineópolis;-;0;1448;767;18400;18400;42780;64170;5760;7488;-;0;1620;859;18860;18860;41700;62550;8700;11310;-;0;1350;716;22080;22080;46340;69510;8350;10855;-;0;1485;787;30000;30000;53830;80745;2862;3721;-;0;1440;763;24650;24650;53740;80610;6480;8424
MU;4208104;      Itaiópolis;-;0;1890;1002;55180;55180;64800;97200;4080;5304;-;0;2320;1230;53600;53600;62850;94275;9520;12376;-;0;1850;981;42900;42900;68080;102120;5611;7294;-;0;1800;954;57000;57000;78000;117000;3150;4095;-;0;960;509;45900;45900;70580;105870;5610;7293
MU;4210100;      Mafra;-;0;3846;2038;50600;50600;98820;148230;12250;15925;-;0;4920;2608;51000;51000;96000;144000;19250;25025;-;0;4650;2465;47520;47520;102360;153540;16800;21840;-;0;5080;2692;62370;62370;126000;189000;9625;12513;-;0;4260;2258;46480;46480;107760;161640;16800;21840
MU;4210308;      Major Vieira;-;0;869;461;9900;9900;41360;62040;4320;5616;-;0;780;413;9020;9020;38490;57735;5760;7488;-;0;2340;1240;9900;9900;42200;63300;5664;7363;-;0;1870;991;11880;11880;54420;81630;1950;2535;-;0;1280;678;8900;8900;48960;73440;4200;5460
MU;4211108;      Monte Castelo;120;144;210;111;4250;4250;16656;24984;660;858;120;144;405;215;3800;3800;16270;24405;2040;2652;110;132;624;331;3300;3300;17780;26670;978;1271;120;144;810;429;4500;4500;20000;30000;490;637;65;78;760;403;4200;4200;19980;29970;1020;1326
MU;4212205;      Papanduva;360;432;1580;837;29370;29370;55800;83700;4550;5915;360;432;1560;827;31160;31160;54140;81210;7000;9100;330;396;1430;758;28380;28380;54850;82275;6300;8190;360;432;1470;779;38400;38400;60660;90990;2340;3042;325;390;1440;763;27360;27360;46860;70290;5400;7020
MU;4213609;      Porto União;-;0;674;357;11570;11570;26600;39900;1080;1404;-;0;580;307;13280;13280;23980;35970;1800;2340;-;0;490;260;11520;11520;25950;38925;852;1108;-;0;490;260;13000;13000;34640;51960;560;728;-;0;456;242;9000;9000;32480;48720;1440;1872
MU;4215679;      Santa Terezinha;-;0;165;87;12000;12000;12000;18000;-;0;-;0;163;86;12000;12000;13600;20400;-;0;-;0;195;103;15000;15000;18000;27000;2700;3510;-;0;173;92;12000;12000;13332;19998;-;0;-;0;168;89;12000;12000;18698;28047;225;293
MU;4218251;      Timbó Grande;-;0;96;51;7200;7200;1600;2400;-;0;-;0;140;74;7200;7200;1400;2100;-;0;-;0;144;76;6000;6000;780;1170;-;0;-;0;180;95;8000;8000;1120;1680;-;0;-;0;120;64;5760;5760;1050;1575;-;0
MU;4218301;      Três Barras;-;0;851;451;9200;9200;23400;35100;2960;3848;-;0;594;315;8500;8500;23480;35220;4320;5616;-;0;580;307;9360;9360;24220;36330;4008;5210;-;0;540;286;11000;11000;30450;45675;960;1248;-;0;456;242;7200;7200;25680;38520;1440;1872
MI;42007;    São Bento do Sul;64;77;1172;621;27420;27420;49200;73800;576;749;70;84;1168;619;27420;27420;49200;73800;613;797;74;89;1306;692;28000;28000;41520;62280;3710;4823;69;83;1540;816;27000;27000;47954;71931;2810;3653;68;82;1525;808;21453;21453;41472;62208;1715;2230
MU;4203303;      Campo Alegre;-;0;297;157;9900;9900;7500;11250;150;195;-;0;293;155;9900;9900;7500;11250;150;195;-;0;225;119;9360;9360;6600;9900;480;624;-;0;423;224;8500;8500;7115;10673;450;585;-;0;378;200;6800;6800;6750;10125;300;390
MU;4215000;      Rio Negrinho;-;0;743;394;11520;11520;38400;57600;380;494;-;0;743;394;11520;11520;38400;57600;417;542;-;0;861;456;12160;12160;30960;46440;2584;3359;-;0;893;473;11700;11700;36444;54666;2040;2652;-;0;883;468;9533;9533;30597;45896;1204;1565
MU;4215802;      São Bento do Sul;64;77;132;70;6000;6000;3300;4950;46;60;70;84;132;70;6000;6000;3300;4950;46;60;74;89;220;117;6480;6480;3960;5940;646;840;69;83;224;119;6800;6800;4395;6593;320;416;68;82;264;140;5120;5120;4125;6188;211;274
MI;42008;    Joinville;138959;166751;-;0;1909;1909;-;0;-;0;135334;162401;-;0;1374;1374;-;0;-;0;141482;169778;-;0;2409;2409;-;0;-;0;143326;171991;-;0;3113;3113;-;0;-;0;146481;175777;-;0;2173;2173;-;0;-;0
MU;4201307;      Araquari;18833;22600;-;0;87;87;-;0;-;0;18921;22705;-;0;265;265;-;0;-;0;18713;22456;-;0;294;294;-;0;-;0;19188;23026;-;0;255;255;-;0;-;0;18486;22183;-;0;257;257;-;0;-;0
MU;4202057;      Balneário Barra do Sul;-;0;-;0;-;-;-;0;-;0;-;0;-;0;-;-;-;0;-;0;-;0;-;0;-;-;-;0;-;0;-;0;-;0;-;-;-;0;-;0;-;0;-;0;-;-;-;0;-;0
MU;4204509;      Corupá;328;394;-;0;60;60;-;0;-;0;326;391;-;0;35;35;-;0;-;0;499;599;-;0;-;-;-;0;-;0;484;581;-;0;112;112;-;0;-;0;421;505;-;0;112;112;-;0;-;0
MU;4205803;      Garuva;7826;9391;-;0;-;-;-;0;-;0;7867;9440;-;0;-;-;-;0;-;0;7634;9161;-;0;-;-;-;0;-;0;7440;8928;-;0;-;-;-;0;-;0;7500;9000;-;0;-;-;-;0;-;0
MU;4206504;      Guaramirim;30791;36949;-;0;72;72;-;0;-;0;29213;35056;-;0;54;54;-;0;-;0;31961;38353;-;0;825;825;-;0;-;0;35527;42632;-;0;825;825;-;0;-;0;37600;45120;-;0;400;400;-;0;-;0
MU;4208450;      Itapoá;960;1152;-;0;-;-;-;0;-;0;960;1152;-;0;-;-;-;0;-;0;817;980;-;0;-;-;-;0;-;0;935;1122;-;0;-;-;-;0;-;0;946;1135;-;0;-;-;-;0;-;0
MU;4208906;      Jaraguá do Sul;7055;8466;-;0;1200;1200;-;0;-;0;7055;8466;-;0;640;640;-;0;-;0;6385;7662;-;0;918;918;-;0;-;0;6400;7680;-;0;1053;1053;-;0;-;0;6400;7680;-;0;711;711;-;0;-;0
MU;4209102;      Joinville;24314;29177;-;0;-;-;-;0;-;0;22190;26628;-;0;-;-;-;0;-;0;21951;26341;-;0;-;-;-;0;-;0;20605;24726;-;0;-;-;-;0;-;0;24728;29674;-;0;-;-;-;0;-;0
MU;4210605;      Massaranduba;47016;56419;-;0;250;250;-;0;-;0;47016;56419;-;0;180;180;-;0;-;0;51388;61666;-;0;-;-;-;0;-;0;50673;60808;-;0;175;175;-;0;-;0;48233;57880;-;0;175;175;-;0;-;0
MU;4216206;      São Francisco do Sul;156;187;-;0;-;-;-;0;-;0;106;127;-;0;-;-;-;0;-;0;140;168;-;0;-;-;-;0;-;0;144;173;-;0;-;-;-;0;-;0;273;328;-;0;-;-;-;0;-;0
MU;4217402;      Schroeder;1680;2016;-;0;240;240;-;0;-;0;1680;2016;-;0;200;200;-;0;-;0;1994;2393;-;0;372;372;-;0;-;0;1930;2316;-;0;693;693;-;0;-;0;1894;2273;-;0;518;518;-;0;-;0
ME;4203;  Serrana;14;17;20531;10881;383220;383220;439609;659414;24541;31903;18;22;26905;14260;489217;489217;633796;950694;59348;77152;15;18;17276;9156;369874;369874;601797;902696;108141;140583;12;14;19373;10268;460727;460727;749609;1124414;54169;70420;11;13;16155;8562;290390;290390;665810;998715;86566;112536
MI;42009;    Curitibanos;-;0;10071;5338;220608;220608;298480;447720;21913;28487;-;0;10680;5660;232225;232225;376336;564504;56000;72800;-;0;7352;3897;220260;220260;414976;622464;84761;110189;-;0;7259;3847;226337;226337;421829;632744;42205;54867;-;0;5696;3019;174647;174647;432930;649395;73402;95423
MU;4200051;      Abdon Batista;-;0;55;29;4680;4680;3360;5040;-;0;-;0;76;40;5850;5850;6120;9180;-;0;-;0;243;129;17000;17000;11600;17400;360;468;-;0;118;63;17160;17160;12500;18750;180;234;-;0;180;95;14840;14840;11500;17250;402;523
MU;4202875;      Brunópolis;-;0;710;376;13914;13914;20750;31125;405;527;-;0;735;390;18480;18480;29050;43575;405;527;-;0;323;171;11400;11400;16650;24975;405;527;-;0;817;433;17798;17798;26560;39840;405;527;-;0;234;124;16731;16731;31567;47351;405;527
MU;4203600;      Campos Novos;-;0;4800;2544;138684;138684;179820;269730;19200;24960;-;0;5400;2862;125730;125730;222300;333450;48300;62790;-;0;2100;1113;130000;130000;260000;390000;60000;78000;-;0;1440;763;113500;113500;256632;384948;31320;40716;-;0;2455;1301;77000;77000;236800;355200;59640;77532
MU;4204806;      Curitibanos;-;0;2520;1336;17400;17400;37500;56250;250;325;-;0;2700;1431;24940;24940;49500;74250;250;325;-;0;3150;1670;18000;18000;49600;74400;420;546;-;0;2981;1580;22814;22814;46995;70493;120;156;-;0;1690;896;21718;21718;69408;104112;250;325
MU;4205555;      Frei Rogério;-;0;1275;676;11900;11900;8750;13125;120;156;-;0;1275;676;15980;15980;11200;16800;120;156;-;0;900;477;11520;11520;9300;13950;396;515;-;0;1360;721;15414;15414;10150;15225;60;78;-;0;605;321;14545;14545;13452;20178;300;390
MU;4211058;      Monte Carlo;-;0;168;89;9900;9900;5670;8505;78;101;-;0;54;29;10640;10640;7636;11454;205;267;-;0;180;95;9600;9600;5000;7500;1300;1690;-;0;180;95;9000;9000;5700;8550;840;1092;-;0;126;67;5265;5265;6000;9000;1050;1365
MU;4213302;      Ponte Alta;-;0;172;91;5500;5500;7500;11250;-;0;-;0;177;94;7480;7480;10200;15300;-;0;-;0;162;86;5400;5400;9000;13500;-;0;-;0;179;95;7334;7334;9501;14252;-;0;-;0;176;93;6918;6918;11322;16983;-;0
MU;4213351;      Ponte Alta do Norte;-;0;-;0;850;850;1875;2813;-;0;-;0;-;0;1020;1020;2550;3825;-;0;-;0;-;0;480;480;2166;3249;-;0;-;0;-;0;1020;1020;2375;3563;-;0;-;0;-;0;1020;1020;1529;2294;-;0
MU;4215505;      Santa Cecília;-;0;40;21;924;924;10696;16044;-;0;-;0;30;16;924;924;8839;13259;-;0;-;0;30;16;660;660;9600;14400;2800;3640;-;0;37;20;924;924;8889;13334;-;0;-;0;36;19;924;924;9202;13803;450;585
MU;4216057;      São Cristóvão do Sul;-;0;30;16;1456;1456;563;845;-;0;-;0;30;16;1381;1381;765;1148;-;0;-;0;30;16;180;180;1080;1620;-;0;-;0;30;16;1373;1373;713;1070;-;0;-;0;30;16;1366;1366;2520;3780;75;98
MU;4219150;      Vargem;-;0;237;126;8320;8320;8640;12960;-;0;-;0;146;77;10800;10800;10368;15552;-;0;-;0;180;95;9000;9000;10880;16320;2280;2964;-;0;72;38;14500;14500;13500;20250;1240;1612;-;0;110;58;10000;10000;12630;18945;1170;1521
MU;4219853;      Zortéa;-;0;64;34;7080;7080;13356;20034;1860;2418;-;0;57;30;9000;9000;17808;26712;6720;8736;-;0;54;29;7020;7020;30100;45150;16800;21840;-;0;45;24;5500;5500;28314;42471;8040;10452;-;0;54;29;4320;4320;27000;40500;9660;12558
MI;42010;    Campos de Lages;14;17;10460;5544;162612;162612;141129;211694;2628;3416;18;22;16225;8599;256992;256992;257460;386190;3348;4352;15;18;9924;5260;149614;149614;186821;280232;23380;30394;12;14;12114;6420;234390;234390;327780;491670;11964;15553;11;13;10459;5543;115743;115743;232880;349320;13164;17113
MU;4201000;      Anita Garibaldi;-;0;600;318;11280;11280;5775;8663;-;0;-;0;840;445;15840;15840;10800;16200;-;0;-;0;720;382;7200;7200;8160;12240;120;156;-;0;720;382;14400;14400;12240;18360;180;234;-;0;864;458;7200;7200;8820;13230;768;998
MU;4202438;      Bocaina do Sul;-;0;420;223;7800;7800;4290;6435;-;0;-;0;480;254;6000;6000;5400;8100;-;0;-;0;360;191;5760;5760;5760;8640;240;312;-;0;540;286;2880;2880;6720;10080;150;195;-;0;630;334;1920;1920;5760;8640;360;468
MU;4202503;      Bom Jardim da Serra;-;0;60;32;540;540;-;0;-;0;-;0;105;56;720;720;-;0;-;0;-;0;116;61;720;720;-;0;-;0;-;0;99;52;630;630;-;0;-;0;-;0;21;11;315;315;-;0;-;0
MU;4202602;      Bom Retiro;-;0;360;191;9600;9600;20400;30600;360;468;-;0;480;254;15000;15000;30960;46440;360;468;-;0;414;219;18000;18000;21600;32400;2520;3276;-;0;489;259;27000;27000;33600;50400;720;936;-;0;369;196;6000;6000;19460;29190;1260;1638
MU;4203402;      Campo Belo do Sul;10;12;1820;965;24000;24000;21600;32400;1260;1638;12;14;3120;1654;36000;36000;42780;64170;1260;1638;9;11;1950;1034;14700;14700;35100;52650;9450;12285;6;7;960;509;27000;27000;52080;78120;1530;1989;6;7;924;490;19200;19200;35520;53280;2880;3744
MU;4203253;      Capão Alto;-;0;480;254;16200;16200;14040;21060;180;234;-;0;960;509;26880;26880;23064;34596;540;702;-;0;346;183;9600;9600;16800;25200;2550;3315;-;0;720;382;28800;28800;35100;52650;1440;1872;-;0;360;191;17136;17136;23760;35640;2520;3276
MU;4204152;      Celso Ramos;-;0;12;6;2592;2592;1620;2430;-;0;-;0;44;23;2592;2592;2088;3132;-;0;-;0;45;24;7000;7000;3600;5400;-;0;-;0;42;22;5700;5700;3600;5400;90;117;-;0;60;32;4200;4200;3240;4860;-;0
MU;4204178;      Cerro Negro;4;5;1500;795;14400;14400;10260;15390;-;0;6;7;2640;1399;23400;23400;17856;26784;-;0;6;7;810;429;6900;6900;11760;17640;720;936;6;7;1440;763;15120;15120;25620;38430;1200;1560;5;6;1440;763;11520;11520;18300;27450;1680;2184
MU;4204558;      Correia Pinto;-;0;375;199;10800;10800;8496;12744;360;468;-;0;420;223;16200;16200;12744;19116;360;468;-;0;375;199;10800;10800;13500;20250;-;0;-;0;216;114;7200;7200;22260;33390;510;663;-;0;180;95;4320;4320;16704;25056;504;655
MU;4209300;      Lages;-;0;1200;636;21600;21600;19800;29700;180;234;-;0;2400;1272;36000;36000;46800;70200;180;234;-;0;1800;954;15000;15000;23400;35100;4200;5460;-;0;3150;1670;45000;45000;50220;75330;3600;4680;-;0;1800;954;21600;21600;30240;45360;1800;2340
MU;4211751;      Otacílio Costa;-;0;126;67;12000;12000;17100;25650;288;374;-;0;240;127;27000;27000;28800;43200;288;374;-;0;225;119;22500;22500;27120;40680;1300;1690;-;0;300;159;15000;15000;39900;59850;120;156;-;0;1056;560;1800;1800;37440;56160;420;546
MU;4211892;      Painel;-;0;90;48;1200;1200;1380;2070;-;0;-;0;90;48;1200;1200;2520;3780;-;0;-;0;24;13;2160;2160;2160;3240;-;0;-;0;42;22;2160;2160;2880;4320;-;0;-;0;36;19;1200;1200;2550;3825;-;0
MU;4212056;      Palmeira;-;0;90;48;2400;2400;3528;5292;-;0;-;0;200;106;4320;4320;5904;8856;-;0;-;0;120;64;2160;2160;4320;6480;180;234;-;0;120;64;1920;1920;7200;10800;324;421;-;0;134;71;840;840;5940;8910;252;328
MU;4215059;      Rio Rufino;-;0;120;64;3900;3900;240;360;-;0;-;0;96;51;3900;3900;744;1116;-;0;-;0;60;32;3780;3780;1500;2250;-;0;-;0;36;19;4200;4200;1170;1755;-;0;-;0;27;14;2208;2208;540;810;-;0
MU;4216503;      São Joaquim;-;0;135;72;2520;2520;-;0;-;0;-;0;180;95;1920;1920;-;0;-;0;-;0;105;56;1680;1680;-;0;-;0;-;0;168;89;1920;1920;-;0;-;0;-;0;105;56;1260;1260;-;0;-;0
MU;4216800;      São José do Cerrito;-;0;3000;1590;18000;18000;12600;18900;-;0;-;0;3840;2035;36000;36000;27000;40500;360;468;-;0;2400;1272;17550;17550;12000;18000;2100;2730;-;0;3000;1590;30000;30000;35100;52650;2100;2730;-;0;2400;1272;12000;12000;24480;36720;720;936
MU;4218905;      Urubici;-;0;36;19;3600;3600;-;0;-;0;-;0;36;19;3600;3600;-;0;-;0;-;0;18;10;3600;3600;41;62;-;0;-;0;36;19;5040;5040;90;135;-;0;-;0;23;12;2880;2880;126;189;-;0
MU;4218954;      Urupema;-;0;36;19;180;180;-;0;-;0;-;0;54;29;420;420;-;0;-;0;-;0;36;19;504;504;-;0;-;0;-;0;36;19;420;420;-;0;-;0;-;0;30;16;144;144;-;0;-;0
ME;4204;  Vale do Itajaí;209525;251430;6242;3308;170093;170093;49103;73655;3688;4794;208186;249823;6921;3668;191647;191647;56473;84710;8783;11418;217437;260924;6813;3611;198628;198628;65780;98670;10600;13780;213279;255935;4451;2359;191282;191282;60973;91460;2010;2613;205702;246842;3774;2000;134230;134230;61894;92841;4772;6204
MI;42011;    Rio do Sul;78856;94627;2022;1072;101969;101969;20182;30273;890;1157;78118;93742;2375;1259;117366;117366;24413;36620;3405;4427;83188;99826;2676;1418;121389;121389;31460;47190;5270;6851;78194;93833;1609;853;116270;116270;26041;39062;762;991;72557;87068;1176;623;82137;82137;28180;42270;2783;3618
MU;4200309;      Agronômica;3850;4620;231;122;7590;7590;4836;7254;243;316;3850;4620;515;273;9360;9360;5460;8190;1200;1560;3850;4620;513;272;8580;8580;5460;8190;1200;1560;3850;4620;367;195;8930;8930;5460;8190;240;312;2713;3256;69;37;3465;3465;5400;8100;450;585
MU;4201901;      Aurora;-;0;310;164;11682;11682;1860;2790;150;195;-;0;265;140;13110;13110;2535;3803;1200;1560;-;0;251;133;10800;10800;2730;4095;1500;1950;-;0;218;116;12240;12240;2730;4095;180;234;-;0;184;98;8670;8670;2310;3465;450;585
MU;4202859;      Braço do Trombudo;301;361;45;24;3306;3306;192;288;342;445;301;361;68;36;4200;4200;342;513;17;22;366;439;64;34;3780;3780;342;513;17;22;315;378;35;19;3990;3990;1080;1620;6;8;258;310;21;11;1890;1890;990;1485;12;16
MU;4205100;      Dona Emma;120;144;53;28;3600;3600;168;252;-;0;120;144;53;28;4500;4500;252;378;-;0;102;122;44;23;4275;4275;252;378;-;0;102;122;16;8;4350;4350;216;324;10;13;96;115;24;13;2700;2700;330;495;-;0
MU;4206900;      Ibirama;435;522;35;19;2346;2346;-;0;-;0;435;522;36;19;2484;2484;-;0;-;0;425;510;47;25;2268;2268;-;0;-;0;425;510;24;13;2268;2268;-;0;-;0;350;420;13;7;1386;1386;-;0;-;0
MU;4209151;      José Boiteux;27;32;34;18;2400;2400;-;0;-;0;27;32;38;20;2310;2310;-;0;-;0;27;32;42;22;2448;2448;-;0;-;0;27;32;45;24;2352;2352;-;0;8;10;24;29;31;16;2016;2016;-;0;75;98
MU;4209508;      Laurentino;272;326;75;40;1776;1776;18;27;-;0;239;287;67;36;1560;1560;90;135;-;0;288;346;216;114;2640;2640;72;108;-;0;341;409;33;17;2720;2720;72;108;-;0;192;230;18;10;1200;1200;60;90;-;0
MU;4209904;      Lontras;1539;1847;215;114;4275;4275;28;42;-;0;1349;1619;215;114;5040;5040;270;405;-;0;1349;1619;192;102;4440;4440;360;540;-;0;1349;1619;79;42;4577;4577;300;450;-;0;1065;1278;90;48;2442;2442;300;450;96;125
MU;4210852;      Mirim Doce;12800;15360;7;4;500;500;-;0;-;0;12267;14720;8;4;1000;1000;-;0;-;0;13600;16320;5;3;960;960;18;27;-;0;12208;14650;8;4;1100;1100;-;0;-;0;12426;14911;8;4;1020;1020;-;0;-;0
MU;4213708;      Pouso Redondo;15000;18000;85;45;5280;5280;750;1125;100;130;15334;18401;89;47;5280;5280;825;1238;100;130;18000;21600;138;73;8580;8580;3600;5400;1200;1560;15260;18312;90;48;5280;5280;800;1200;100;130;15198;18238;95;50;5280;5280;1950;2925;210;273
MU;4214003;      Presidente Getúlio;542;650;146;77;10836;10836;1050;1575;-;0;476;571;152;81;11970;11970;1365;2048;360;468;476;571;198;105;11970;11970;1620;2430;405;527;571;685;63;33;12107;12107;1620;2430;120;156;460;552;57;30;7980;7980;1620;2430;243;316
MU;4214102;      Presidente Nereu;-;0;67;36;2646;2646;-;0;-;0;-;0;89;47;3264;3264;-;0;-;0;-;0;100;53;3468;3468;-;0;-;0;-;0;83;44;3264;3264;-;0;10;13;-;0;81;43;1632;1632;-;0;19;25
MU;4214508;      Rio do Campo;9750;11700;45;24;8500;8500;2550;3825;-;0;9500;11400;60;32;10200;10200;2975;4463;-;0;9450;11340;45;24;10200;10200;6000;9000;-;0;9306;11167;55;29;10200;10200;2862;4293;-;0;9419;11303;53;28;10200;10200;6000;9000;150;195
MU;4214607;      Rio do Oeste;11835;14202;171;91;6336;6336;360;540;55;72;11835;14202;186;99;8316;8316;390;585;60;78;11700;14040;198;105;8910;8910;390;585;60;78;12055;14466;112;59;7785;7785;390;585;20;26;9074;10889;50;27;4050;4050;300;450;163;212
MU;4214805;      Rio do Sul;2890;3468;43;23;2400;2400;1485;2228;-;0;2890;3468;53;28;2970;2970;1755;2633;-;0;3060;3672;56;30;3300;3300;1872;2808;240;312;2890;3468;21;11;3150;3150;1755;2633;6;8;2100;2520;43;23;1800;1800;1485;2228;135;176
MU;4215307;      Salete;720;864;36;19;3600;3600;750;1125;-;0;720;864;36;19;4080;4080;800;1200;-;0;720;864;108;57;4320;4320;1280;1920;180;234;720;864;36;19;4000;4000;817;1226;-;0;720;864;36;19;4133;4133;1120;1680;-;0
MU;4217808;      Taió;18000;21600;228;121;12650;12650;2400;3600;-;0;18000;21600;228;121;14336;14336;3040;4560;-;0;19000;22800;228;121;15840;15840;2700;4050;-;0;18000;21600;228;121;14805;14805;2854;4281;-;0;18000;21600;228;121;14773;14773;2760;4140;450;585
MU;4218608;      Trombudo Central;551;661;74;39;2160;2160;1368;2052;-;0;551;661;87;46;3000;3000;1353;2030;120;156;551;661;81;43;2850;2850;1800;2700;120;156;551;661;19;10;2800;2800;2160;3240;12;16;250;300;17;9;1350;1350;1200;1800;120;156
MU;4219358;      Vitor Meireles;160;192;105;56;6936;6936;1800;2700;-;0;160;192;114;60;6336;6336;2376;3564;-;0;160;192;108;57;7560;7560;2340;3510;-;0;160;192;63;33;6432;6432;2340;3510;-;0;160;192;54;29;3630;3630;1755;2633;-;0
MU;4219408;      Witmarsum;64;77;17;9;3150;3150;567;851;-;0;64;77;16;8;4050;4050;585;878;348;452;64;77;42;22;4200;4200;624;936;348;452;64;77;14;7;3920;3920;585;878;50;65;52;62;4;2;2520;2520;600;900;210;273
MI;42012;    Blumenau;54195;65034;175;93;8978;8978;508;762;70;91;54542;65450;172;91;8811;8811;422;633;70;91;57396;68875;169;90;8049;8049;423;635;70;91;53385;64062;187;99;7553;7553;1230;1845;70;91;57163;68596;148;78;7863;7863;1230;1845;70;91
MU;4201257;      Apiúna;315;378;36;19;2183;2183;-;0;-;0;315;378;36;19;2183;2183;-;0;-;0;315;378;36;19;1812;1812;-;0;-;0;315;378;36;19;1304;1304;-;0;-;0;280;336;36;19;2017;2017;-;0;-;0
MU;4201703;      Ascurra;4028;4834;2;1;120;120;-;0;-;0;4028;4834;2;1;120;120;-;0;-;0;4170;5004;2;1;120;120;-;0;-;0;4103;4924;2;1;120;120;-;0;-;0;4103;4924;2;1;120;120;-;0;-;0
MU;4202206;      Benedito Novo;2394;2873;12;6;1580;1580;-;0;-;0;2460;2952;12;6;1778;1778;-;0;-;0;2438;2926;7;4;1580;1580;-;0;-;0;2447;2936;7;4;1580;1580;-;0;-;0;2447;2936;9;5;1580;1580;-;0;-;0
MU;4202404;      Blumenau;70;84;6;3;530;530;-;0;-;0;70;84;6;3;530;530;-;0;-;0;70;84;6;3;459;459;-;0;-;0;70;84;6;3;406;406;-;0;-;0;70;84;6;3;498;498;-;0;-;0
MU;4202701;      Botuverá;-;0;67;36;633;633;-;0;-;0;-;0;64;34;720;720;-;0;-;0;-;0;47;25;810;810;-;0;-;0;-;0;45;24;810;810;-;0;-;0;-;0;24;13;675;675;-;0;-;0
MU;4202909;      Brusque;605;726;7;4;-;-;-;0;-;0;605;726;7;4;-;-;-;0;-;0;500;600;8;4;-;-;-;0;-;0;100;120;28;15;-;-;-;0;-;0;100;120;24;13;-;-;-;0;-;0
MU;4205159;      Doutor Pedrinho;6330;7596;-;0;730;730;334;501;70;91;6611;7933;-;0;584;584;334;501;70;91;7596;9115;-;0;730;730;334;501;70;91;6846;8215;-;0;681;681;1139;1709;70;91;7750;9300;-;0;681;681;1139;1709;70;91
MU;4205902;      Gaspar;20700;24840;3;2;36;36;-;0;-;0;20700;24840;3;2;36;36;-;0;-;0;23450;28140;3;2;36;36;-;0;-;0;21617;25940;3;2;36;36;-;0;-;0;23651;28381;3;2;36;36;-;0;-;0
MU;4206306;      Guabiruba;300;360;22;12;630;630;-;0;-;0;300;360;22;12;630;630;-;0;-;0;400;480;41;22;560;560;-;0;-;0;400;480;41;22;560;560;-;0;-;0;400;480;25;13;70;70;-;0;-;0
MU;4207502;      Indaial;1683;2020;11;6;541;541;-;0;-;0;1683;2020;11;6;541;541;-;0;-;0;1698;2038;10;5;269;269;-;0;-;0;1693;2032;10;5;280;280;-;0;-;0;1693;2032;10;5;280;280;-;0;-;0
MU;4210001;      Luiz Alves;2920;3504;-;0;-;-;-;0;-;0;2920;3504;-;0;-;-;-;0;-;0;1825;2190;-;0;-;-;-;0;-;0;1825;2190;-;0;-;-;-;0;-;0;2700;3240;-;0;-;-;-;0;-;0
MU;4213203;      Pomerode;-;0;2;1;441;441;-;0;-;0;-;0;2;1;441;441;-;0;-;0;-;0;2;1;411;411;-;0;-;0;-;0;2;1;438;438;-;0;-;0;-;0;2;1;438;438;-;0;-;0
MU;4214706;      Rio dos Cedros;6525;7830;5;3;916;916;174;261;-;0;6525;7830;5;3;610;610;88;132;-;0;6525;7830;5;3;630;630;89;134;-;0;6525;7830;5;3;732;732;91;137;-;0;6525;7830;5;3;862;862;91;137;-;0
MU;4215109;      Rodeio;4575;5490;2;1;190;190;-;0;-;0;4575;5490;2;1;190;190;-;0;-;0;4575;5490;2;1;184;184;-;0;-;0;3666;4399;2;1;158;158;-;0;-;0;3666;4399;2;1;158;158;-;0;-;0
MU;4218202;      Timbó;3750;4500;-;0;448;448;-;0;-;0;3750;4500;-;0;448;448;-;0;-;0;3834;4601;-;0;448;448;-;0;-;0;3778;4534;-;0;448;448;-;0;-;0;3778;4534;-;0;448;448;-;0;-;0
MI;42013;    Itajaí;74721;89665;11;6;58;58;-;0;-;0;73773;88528;11;6;58;58;-;0;-;0;75098;90118;12;6;340;340;-;0;-;0;79945;95934;17;9;580;580;-;0;-;0;74577;89492;17;9;220;220;-;0;-;0
MU;4202008;      Balneário Camboriú;...;0;...;0;...;...;...;0;...;0;...;0;...;0;...;...;...;0;...;0;...;0;...;0;...;...;...;0;...;0;...;0;...;0;...;...;...;0;...;0;...;0;...;0;...;...;...;0;...;0
MU;4212809;      Balneário Piçarras;2903;3484;-;0;-;-;-;0;-;0;2993;3592;-;0;-;-;-;0;-;0;1750;2100;-;0;-;-;-;0;-;0;1797;2156;-;0;-;-;-;0;-;0;1540;1848;-;0;-;-;-;0;-;0
MU;4202107;      Barra Velha;3563;4276;-;0;-;-;-;0;-;0;3994;4793;-;0;-;-;-;0;-;0;2352;2822;-;0;-;-;-;0;-;0;2695;3234;-;0;-;-;-;0;-;0;2695;3234;-;0;-;-;-;0;-;0
MU;4202453;      Bombinhas;...;0;...;0;...;...;...;0;...;0;...;0;...;0;...;...;...;0;...;0;...;0;...;0;...;...;...;0;...;0;...;0;...;0;...;...;...;0;...;0;...;0;...;0;...;...;...;0;...;0
MU;4203204;      Camboriú;8500;10200;5;3;40;40;-;0;-;0;8217;9860;5;3;40;40;-;0;-;0;8264;9917;5;3;40;40;-;0;-;0;8327;9992;5;3;40;40;-;0;-;0;8370;10044;5;3;40;40;-;0;-;0
MU;4207106;      Ilhota;23600;28320;-;0;18;18;-;0;-;0;22812;27374;-;0;18;18;-;0;-;0;23337;28004;-;0;300;300;-;0;-;0;23482;28178;-;0;540;540;-;0;-;0;21700;26040;-;0;180;180;-;0;-;0
MU;4208203;      Itajaí;13300;15960;6;3;-;-;-;0;-;0;12983;15580;6;3;-;-;-;0;-;0;15200;18240;7;4;-;-;-;0;-;0;16000;19200;12;6;-;-;-;0;-;0;16200;19440;12;6;-;-;-;0;-;0
MU;4208302;      Itapema;2100;2520;-;0;-;-;-;0;-;0;2540;3048;-;0;-;-;-;0;-;0;2147;2576;-;0;-;-;-;0;-;0;2008;2410;-;0;-;-;-;0;-;0;-;0;-;0;-;-;-;0;-;0
MU;4211306;      Navegantes;5670;6804;-;0;-;-;-;0;-;0;5670;6804;-;0;-;-;-;0;-;0;5670;6804;-;0;-;-;-;0;-;0;7296;8755;-;0;-;-;-;0;-;0;7296;8755;-;0;-;-;-;0;-;0
MU;4212502;      Penha;-;0;-;0;-;-;-;0;-;0;-;0;-;0;-;-;-;0;-;0;-;0;-;0;-;-;-;0;-;0;-;0;-;0;-;-;-;0;-;0;-;0;-;0;-;-;-;0;-;0
MU;4213500;      Porto Belo;250;300;-;0;-;-;-;0;-;0;333;400;-;0;-;-;-;0;-;0;2147;2576;-;0;-;-;-;0;-;0;1564;1877;-;0;-;-;-;0;-;0;-;0;-;0;-;-;-;0;-;0
MU;4216354;      São João do Itaperiú;14835;17802;-;0;-;-;-;0;-;0;14231;17077;-;0;-;-;-;0;-;0;14231;17077;-;0;-;-;-;0;-;0;16776;20131;-;0;-;-;-;0;-;0;16776;20131;-;0;-;-;-;0;-;0
MI;42014;    Ituporanga;1753;2104;4034;2138;59088;59088;28413;42620;2728;3546;1753;2104;4363;2312;65412;65412;31638;47457;5308;6900;1755;2106;3956;2097;68850;68850;33897;50846;5260;6838;1755;2106;2638;1398;66879;66879;33702;50553;1178;1531;1405;1686;2433;1289;44010;44010;32484;48726;1919;2495
MU;4200200;      Agrolândia;1573;1888;150;80;6900;6900;2400;3600;240;312;1573;1888;147;78;6000;6000;3120;4680;288;374;1575;1890;134;71;6750;6750;3315;4973;360;468;1575;1890;51;27;6946;6946;3120;4680;18;23;1225;1470;41;22;4500;4500;2640;3960;210;273
MU;4201802;      Atalanta;-;0;109;58;3060;3060;3828;5742;288;374;-;0;125;66;3360;3360;2625;3938;720;936;-;0;132;70;4560;4560;2880;4320;720;936;-;0;39;21;4320;4320;2880;4320;135;176;-;0;45;24;3120;3120;3750;5625;480;624
MU;4204194;      Chapadão do Lageado;-;0;303;161;2988;2988;1980;2970;240;312;-;0;274;145;4980;4980;2496;3744;400;520;-;0;287;152;4980;4980;2496;3744;400;520;-;0;199;105;4731;4731;2496;3744;135;176;-;0;193;102;4320;4320;2304;3456;240;312
MU;4207403;      Imbuia;-;0;360;191;4800;4800;750;1125;16;21;-;0;435;231;7920;7920;900;1350;810;1053;-;0;568;301;8640;8640;1260;1890;810;1053;-;0;358;190;7800;7800;1260;1890;18;23;-;0;558;296;6480;6480;1260;1890;144;187
MU;4208500;      Ituporanga;-;0;2640;1399;25740;25740;14235;21353;1500;1950;-;0;2790;1479;23622;23622;15477;23216;2250;2925;-;0;2280;1208;22320;22320;15600;23400;2250;2925;-;0;1665;882;23994;23994;15600;23400;825;1073;-;0;1290;684;13950;13950;15600;23400;600;780
MU;4212700;      Petrolândia;180;216;115;61;6960;6960;2700;4050;120;156;180;216;204;108;9450;9450;4290;6435;480;624;180;216;177;94;10560;10560;5460;8190;360;468;180;216;100;53;9058;9058;5460;8190;38;49;180;216;96;51;5760;5760;4620;6930;125;163
MU;4219200;      Vidal Ramos;-;0;357;189;8640;8640;2520;3780;324;421;-;0;388;206;10080;10080;2730;4095;360;468;-;0;378;200;11040;11040;2886;4329;360;468;-;0;226;120;10030;10030;2886;4329;9;12;-;0;210;111;5880;5880;2310;3465;120;156
ME;4205;  Grande Florianópolis;32440;38928;1448;767;37235;37235;-;0;-;0;32051;38461;1427;756;37926;37926;-;0;-;0;32293;38752;1306;692;40005;40005;-;0;-;0;29462;35354;1308;693;41464;41464;2000;3000;50;65;28015;33618;1070;567;30903;30903;2000;3000;108;140
MI;42015;    Tijucas;16840;20208;747;396;10982;10982;-;0;-;0;17440;20928;754;400;10790;10790;-;0;-;0;16020;19224;698;370;16828;16828;-;0;-;0;12675;15210;621;329;16768;16768;-;0;50;65;13529;16235;666;353;13373;13373;-;0;108;140
MU;4200903;      Angelina;-;0;454;241;4286;4286;-;0;-;0;-;0;450;239;4100;4100;-;0;-;0;-;0;428;227;4612;4612;-;0;-;0;-;0;429;227;4752;4752;-;0;-;0;-;0;429;227;4752;4752;-;0;-;0
MU;4203709;      Canelinha;2080;2496;8;4;605;605;-;0;-;0;2080;2496;8;4;605;605;-;0;-;0;600;720;12;6;102;102;-;0;-;0;600;720;12;6;102;102;-;0;-;0;1125;1350;1;1;85;85;-;0;-;0
MU;4209805;      Leoberto Leal;-;0;171;91;4560;4560;-;0;-;0;-;0;186;99;4200;4200;-;0;-;0;-;0;183;97;5700;5700;-;0;-;0;-;0;105;56;5500;5500;-;0;50;65;-;0;211;112;3300;3300;-;0;108;140
MU;4210209;      Major Gercino;-;0;21;11;150;150;-;0;-;0;-;0;21;11;120;120;-;0;-;0;-;0;15;8;300;300;-;0;-;0;-;0;15;8;300;300;-;0;-;0;-;0;5;3;240;240;-;0;-;0
MU;4211504;      Nova Trento;-;0;72;38;797;797;-;0;-;0;-;0;72;38;847;847;-;0;-;0;-;0;45;24;4400;4400;-;0;-;0;-;0;45;24;4400;4400;-;0;-;0;-;0;13;7;4000;4000;-;0;-;0
MU;4216305;      São João Batista;360;432;16;8;507;507;-;0;-;0;360;432;16;8;493;493;-;0;-;0;420;504;11;6;1334;1334;-;0;-;0;420;504;11;6;1334;1334;-;0;-;0;420;504;3;2;934;934;-;0;-;0
MU;4218004;      Tijucas;14400;17280;5;3;77;77;-;0;-;0;15000;18000;1;1;425;425;-;0;-;0;15000;18000;4;2;380;380;-;0;-;0;11655;13986;4;2;380;380;-;0;-;0;11984;14381;4;2;62;62;-;0;-;0
MI;42016;    Florianópolis;14518;17422;57;30;600;600;-;0;-;0;13524;16229;68;36;705;705;-;0;-;0;15186;18223;70;37;703;703;-;0;-;0;15701;18841;50;27;531;531;-;0;-;0;13399;16079;53;28;514;514;-;0;-;0
MU;4201208;      Antônio Carlos;-;0;2;1;19;19;-;0;-;0;-;0;2;1;14;14;-;0;-;0;-;0;2;1;16;16;-;0;-;0;-;0;2;1;17;17;-;0;-;0;-;0;2;1;17;17;-;0;-;0
MU;4202305;      Biguaçu;1848;2218;6;3;-;-;-;0;-;0;1684;2021;6;3;-;-;-;0;-;0;1875;2250;-;0;-;-;-;0;-;0;1858;2230;-;0;-;-;-;0;-;0;2000;2400;-;0;-;-;-;0;-;0
MU;4205407;      Florianópolis;-;0;4;2;-;-;-;0;-;0;-;0;5;3;-;-;-;0;-;0;-;0;7;4;-;-;-;0;-;0;-;0;-;0;-;-;-;0;-;0;-;0;2;1;-;-;-;0;-;0
MU;4206009;      Governador Celso Ramos;...;0;...;0;...;...;...;0;...;0;...;0;...;0;...;...;...;0;...;0;...;0;...;0;...;...;...;0;...;0;...;0;...;0;...;...;...;0;...;0;-;0;-;0;-;-;-;0;-;0
MU;4211900;      Palhoça;4425;5310;2;1;-;-;-;0;-;0;3895;4674;4;2;-;-;-;0;-;0;3895;4674;4;2;-;-;-;0;-;0;4427;5312;4;2;-;-;-;0;-;0;4410;5292;4;2;-;-;-;0;-;0
MU;4212304;      Paulo Lopes;8125;9750;20;11;193;193;-;0;-;0;7886;9463;26;14;251;251;-;0;-;0;9374;11249;26;14;251;251;-;0;-;0;9374;11249;26;14;251;251;-;0;-;0;6926;8311;26;14;235;235;-;0;-;0
MU;4215703;      Santo Amaro da Imperatriz;120;144;3;2;18;18;-;0;-;0;59;71;3;2;50;50;-;0;-;0;42;50;9;5;49;49;-;0;-;0;42;50;2;1;50;50;-;0;-;0;63;76;2;1;50;50;-;0;-;0
MU;4216602;      São José;-;0;17;9;155;155;-;0;-;0;-;0;17;9;175;175;-;0;-;0;-;0;17;9;172;172;-;0;-;0;-;0;12;6;111;111;-;0;-;0;-;0;13;7;110;110;-;0;-;0
MU;4217253;      São Pedro de Alcântara;-;0;3;2;215;215;-;0;-;0;-;0;5;3;215;215;-;0;-;0;-;0;5;3;215;215;-;0;-;0;-;0;4;2;102;102;-;0;-;0;-;0;4;2;102;102;-;0;-;0
MI;42017;    Tabuleiro;1082;1298;644;341;25653;25653;-;0;-;0;1087;1304;605;321;26431;26431;-;0;-;0;1087;1304;538;285;22474;22474;-;0;-;0;1086;1303;637;338;24165;24165;2000;3000;-;0;1087;1304;351;186;17016;17016;2000;3000;-;0
MU;4200606;      Águas Mornas;-;0;7;4;550;550;-;0;-;0;-;0;7;4;500;500;-;0;-;0;-;0;7;4;500;500;-;0;-;0;-;0;7;4;635;635;-;0;-;0;-;0;7;4;635;635;-;0;-;0
MU;4200705;      Alfredo Wagner;1075;1290;472;250;22246;22246;-;0;-;0;1075;1290;480;254;23614;23614;-;0;-;0;1075;1290;402;213;18852;18852;-;0;-;0;1075;1290;498;264;20652;20652;2000;3000;-;0;1075;1290;241;128;14457;14457;2000;3000;-;0
MU;4201109;      Anitápolis;2;2;107;57;1219;1219;-;0;-;0;3;4;75;40;1219;1219;-;0;-;0;3;4;77;41;1372;1372;-;0;-;0;3;4;80;42;1343;1343;-;0;-;0;3;4;64;34;748;748;-;0;-;0
MU;4214300;      Rancho Queimado;-;0;10;5;1140;1140;-;0;-;0;-;0;10;5;348;348;-;0;-;0;-;0;3;2;1000;1000;-;0;-;0;-;0;3;2;1000;1000;-;0;-;0;-;0;3;2;701;701;-;0;-;0
MU;4215901;      São Bonifácio;5;6;48;25;498;498;-;0;-;0;9;11;33;17;750;750;-;0;-;0;9;11;49;26;750;750;-;0;-;0;8;10;49;26;535;535;-;0;-;0;9;11;36;19;475;475;-;0;-;0
ME;4206;  Sul Catarinense;834116;1000939;2759;1462;127192;127192;15184;22776;-;0;819779;983735;3105;1646;126840;126840;21033;31550;-;0;802718;963262;2726;1445;162117;162117;30115;45173;1187;1543;789632;947558;1757;931;133201;133201;45733;68600;1863;2422;747122;896546;901;478;109654;109654;37134;55701;1264;1643
MI;42018;    Tubarão;150548;180658;1098;582;23870;23870;2903;4355;-;0;131283;157540;1139;604;24791;24791;4758;7137;-;0;126698;152038;1116;591;31421;31421;4367;6551;632;822;98249;117899;1068;566;37436;37436;12448;18672;893;1161;107262;128714;608;322;26905;26905;10646;15969;625;813
MU;4201505;      Armazém;-;0;252;134;1200;1200;-;0;-;0;-;0;252;134;1200;1200;-;0;-;0;-;0;171;91;1200;1200;-;0;-;0;-;0;171;91;1200;1200;-;0;-;0;-;0;83;44;2970;2970;-;0;-;0
MU;4202800;      Braço do Norte;-;0;23;12;720;720;-;0;-;0;-;0;25;13;612;612;-;0;-;0;-;0;25;13;623;623;-;0;-;0;-;0;25;13;780;780;-;0;-;0;-;0;24;13;3000;3000;-;0;-;0
MU;4203956;      Capivari de Baixo;15416;18499;-;0;-;-;577;866;-;0;14214;17057;-;0;-;-;678;1017;-;0;10694;12833;-;0;-;-;1144;1716;257;334;4765;5718;-;0;2835;2835;2659;3989;168;218;7200;8640;-;0;706;706;1629;2444;-;0
MU;4205704;      Garopaba;1135;1362;4;2;294;294;-;0;-;0;1049;1259;3;2;49;49;-;0;-;0;1072;1286;3;2;98;98;-;0;-;0;1085;1302;3;2;24;24;-;0;-;0;1097;1316;3;2;25;25;-;0;-;0
MU;4206108;      Grão-Pará;4;5;26;14;2423;2423;-;0;-;0;4;5;25;13;2338;2338;-;0;-;0;4;5;54;29;2267;2267;-;0;-;0;4;5;50;27;2210;2210;-;0;-;0;4;5;50;27;2210;2210;-;0;-;0
MU;4206207;      Gravatal;3360;4032;10;5;42;42;203;305;-;0;3354;4025;11;6;38;38;203;305;-;0;2774;3329;10;5;24;24;294;441;-;0;1150;1380;7;4;23;23;1200;1800;-;0;1400;1680;5;3;18;18;1336;2004;-;0
MU;4207205;      Imaruí;21113;25336;79;42;336;336;198;297;-;0;18984;22781;79;42;280;280;198;297;-;0;18984;22781;79;42;210;210;198;297;-;0;20088;24106;41;22;180;180;336;504;-;0;19440;23328;41;22;245;245;280;420;-;0
MU;4207304;      Imbituba;16248;19498;12;6;120;120;30;45;-;0;15429;18515;12;6;120;120;35;53;-;0;15429;18515;12;6;120;120;35;53;-;0;14757;17708;9;5;120;120;369;554;-;0;14175;17010;9;5;120;120;285;428;-;0
MU;4208807;      Jaguaruna;33908;40690;-;0;750;750;420;630;-;0;31446;37735;-;0;750;750;420;630;-;0;31446;37735;-;0;750;750;420;630;-;0;26980;32376;-;0;1080;1080;2142;3213;-;0;25650;30780;-;0;900;900;1692;2538;-;0
MU;4209409;      Laguna;7748;9298;9;5;48;48;-;0;-;0;6433;7720;9;5;52;52;-;0;-;0;1072;1286;9;5;57;57;-;0;-;0;1060;1272;5;3;342;342;-;0;-;0;1100;1320;5;3;330;330;-;0;-;0
MU;4211702;      Orleans;5;6;70;37;5040;5040;-;0;-;0;5;6;114;60;3780;3780;-;0;-;0;5;6;138;73;4800;4800;36;54;-;0;6;7;73;39;4500;4500;300;450;100;130;6;7;50;27;5400;5400;300;450;-;0
MU;4212403;      Pedras Grandes;351;421;224;119;3334;3334;-;0;-;0;351;421;224;119;3445;3445;-;0;-;0;351;421;224;119;3445;3445;-;0;-;0;351;421;224;119;2963;2963;4;6;-;0;280;336;20;11;1200;1200;105;158;-;0
MU;4212650;      Pescaria Brava;86;103;5;3;24;24;-;0;-;0;86;103;5;3;18;18;-;0;-;0;86;103;5;3;18;18;-;0;-;0;-;0;5;3;18;18;18;27;-;0;-;0;3;2;8;8;-;0;-;0
MU;4214904;      Rio Fortuna;-;0;10;5;153;153;-;0;-;0;-;0;5;3;157;157;-;0;-;0;-;0;5;3;158;158;85;128;-;0;-;0;31;16;300;300;-;0;-;0;-;0;41;22;150;150;-;0;-;0
MU;4215455;      Sangão;5000;6000;-;0;192;192;-;0;-;0;4358;5230;-;0;288;288;-;0;-;0;4411;5293;-;0;308;308;-;0;-;0;4269;5123;-;0;192;192;-;0;-;0;4269;5123;-;0;192;192;-;0;-;0
MU;4215604;      Santa Rosa de Lima;4;5;7;4;408;408;-;0;-;0;3;4;7;4;392;392;-;0;-;0;3;4;7;4;403;403;-;0;-;0;2;2;10;5;300;300;-;0;-;0;1;1;10;5;250;250;-;0;-;0
MU;4217006;      São Ludgero;-;0;21;11;427;427;-;0;-;0;-;0;21;11;420;420;-;0;-;0;-;0;21;11;426;426;-;0;-;0;-;0;100;53;426;426;-;0;-;0;-;0;26;14;304;304;-;0;-;0
MU;4217105;      São Martinho;-;0;118;63;600;600;-;0;-;0;-;0;119;63;600;600;-;0;-;0;-;0;119;63;600;600;-;0;-;0;-;0;120;64;780;780;-;0;-;0;-;0;120;64;300;300;-;0;-;0
MU;4218400;      Treze de Maio;8343;10012;144;76;6289;6289;254;381;-;0;6767;8120;144;76;6052;6052;254;381;-;0;6767;8120;144;76;5914;5914;235;353;375;488;6767;8120;84;45;8400;8400;968;1452;625;813;7650;9180;60;32;3810;3810;1440;2160;625;813
MU;4218707;      Tubarão;37827;45392;84;45;1470;1470;1221;1832;-;0;28800;34560;84;45;4200;4200;2970;4455;-;0;33600;40320;90;48;10000;10000;1920;2880;-;0;16965;20358;110;58;10763;10763;4452;6678;-;0;24990;29988;58;31;4767;4767;3579;5369;-;0
MI;42019;    Criciúma;188866;226639;1207;640;51272;51272;10772;16158;-;0;189090;226908;1461;774;59414;59414;14728;22092;-;0;181779;218135;1082;573;65522;65522;17871;26807;210;273;166656;199987;275;146;30179;30179;22389;33584;490;637;182415;218898;241;128;50933;50933;20659;30989;351;456
MU;4220000;      Balneário Rincão;-;0;-;0;-;-;-;0;-;0;-;0;-;0;-;-;-;0;-;0;-;0;-;0;42;42;6;9;-;0;-;0;-;0;16;16;-;0;-;0;-;0;-;0;18;18;-;0;-;0
MU;4204251;      Cocal do Sul;750;900;140;74;1890;1890;54;81;-;0;617;740;152;81;2574;2574;90;135;-;0;760;912;210;111;4950;4950;240;360;-;0;600;720;12;6;2226;2226;750;1125;49;64;600;720;32;17;2975;2975;1080;1620;140;182
MU;4204608;      Criciúma;1950;2340;290;154;7200;7200;3240;4860;-;0;1993;2392;277;147;9600;9600;4680;7020;-;0;1979;2375;189;100;9600;9600;5400;8100;210;273;1800;2160;68;36;5880;5880;5400;8100;112;146;3626;4351;7;4;7800;7800;5400;8100;10;13
MU;4205456;      Forquilhinha;94000;112800;162;86;9100;9100;2990;4485;-;0;93930;112716;112;59;10500;10500;3960;5940;-;0;87750;105300;24;13;10625;10625;2625;3938;-;0;78000;93600;8;4;5320;5320;3750;5625;-;0;81413;97696;-;0;11200;11200;3600;5400;-;0
MU;4207007;      Içara;13860;16632;360;191;17100;17100;3300;4950;-;0;12650;15180;480;254;20400;20400;4680;7020;-;0;12100;14520;370;196;20160;20160;7920;11880;-;0;12100;14520;90;48;6000;6000;10800;16200;83;108;13200;15840;120;64;14000;14000;9000;13500;75;98
MU;4209607;      Lauro Müller;10;12;22;12;1100;1100;-;0;-;0;10;12;30;16;1000;1000;-;0;-;0;10;12;52;28;1375;1375;-;0;-;0;10;12;20;11;1482;1482;-;0;-;0;-;0;14;7;1200;1200;-;0;-;0
MU;4211207;      Morro da Fumaça;2602;3122;66;35;1716;1716;912;1368;-;0;3024;3629;171;91;2550;2550;1102;1653;-;0;2324;2789;45;24;2412;2412;750;1125;-;0;2964;3557;9;5;1554;1554;1050;1575;216;281;3268;3922;-;0;2376;2376;1134;1701;96;125
MU;4211603;      Nova Veneza;74656;89587;52;28;8970;8970;60;90;-;0;75650;90780;60;32;7590;7590;-;0;-;0;75680;90816;38;20;10350;10350;720;1080;-;0;70400;84480;36;19;4830;4830;540;810;-;0;79200;95040;36;19;6480;6480;180;270;-;0
MU;4217600;      Siderópolis;690;828;38;20;1700;1700;-;0;-;0;825;990;67;36;2250;2250;-;0;-;0;781;937;68;36;2560;2560;-;0;-;0;523;628;24;13;891;891;12;18;-;0;825;990;18;10;1944;1944;100;150;-;0
MU;4218350;      Treviso;70;84;6;3;144;144;-;0;-;0;65;78;6;3;150;150;-;0;-;0;75;90;4;2;198;198;-;0;-;0;75;90;3;2;180;180;-;0;-;0;80;96;2;1;240;240;-;0;-;0
MU;4219002;      Urussanga;278;334;71;38;2352;2352;216;324;-;0;326;391;106;56;2800;2800;216;324;-;0;320;384;82;43;3250;3250;210;315;-;0;184;221;5;3;1800;1800;87;131;30;39;203;244;12;6;2700;2700;165;248;30;39
MI;42020;    Araranguá;494702;593642;454;241;52050;52050;1509;2264;-;0;499406;599287;505;268;42635;42635;1547;2321;-;0;494241;593089;528;280;65174;65174;7877;11816;345;449;524727;629672;414;219;65586;65586;10896;16344;480;624;457445;548934;52;28;31816;31816;5829;8744;288;374
MU;4201406;      Araranguá;41452;49742;48;25;6000;6000;972;1458;-;0;48637;58364;48;25;6000;6000;1031;1547;-;0;45500;54600;30;16;6555;6555;1200;1800;345;449;44216;53059;30;16;6840;6840;1440;2160;480;624;40347;48416;-;0;3990;3990;1404;2106;288;374
MU;4201950;      Balneário Arroio do Silva;...;0;...;0;...;...;...;0;...;0;...;0;...;0;...;...;...;0;...;0;...;0;...;0;...;...;...;0;...;0;...;0;...;0;...;...;...;0;...;0;...;0;...;0;...;...;...;0;...;0
MU;4202073;      Balneário Gaivota;-;0;10;5;-;-;-;0;-;0;-;0;13;7;-;-;-;0;-;0;-;0;10;5;900;900;522;783;-;0;-;0;10;5;900;900;450;675;-;0;-;0;-;0;165;165;306;459;-;0
MU;4205191;      Ermo;30816;36979;25;13;3240;3240;246;369;-;0;27392;32870;27;14;2031;2031;162;243;-;0;30900;37080;126;67;3630;3630;792;1188;-;0;30248;36298;90;48;3240;3240;972;1458;-;0;26592;31910;-;0;1620;1620;450;675;-;0
MU;4208708;      Jacinto Machado;66462;79754;15;8;6480;6480;-;0;-;0;66865;80238;15;8;4125;4125;-;0;-;0;64448;77338;11;6;7134;7134;144;216;-;0;67670;81204;16;8;7830;7830;225;338;-;0;66462;79754;-;0;4698;4698;90;135;-;0
MU;4210407;      Maracajá;14800;17760;20;11;1080;1080;36;54;-;0;16280;19536;19;10;1215;1215;-;0;-;0;15355;18426;15;8;1950;1950;252;378;-;0;17482;20978;20;11;1800;1800;564;846;-;0;13875;16650;-;0;1260;1260;420;630;-;0
MU;4210803;      Meleiro;90543;108652;90;48;5937;5937;150;225;-;0;90543;108652;120;64;6270;6270;150;225;-;0;93836;112603;60;32;5760;5760;1560;2340;-;0;96580;115896;60;32;6120;6120;1920;2880;-;0;92739;111287;50;27;6720;6720;840;1260;-;0
MU;4211256;      Morro Grande;25509;30611;25;13;3360;3360;-;0;-;0;25663;30796;25;13;2208;2208;-;0;-;0;26505;31806;15;8;5265;5265;108;162;-;0;27125;32550;15;8;4680;4680;108;162;-;0;25265;30318;-;0;1650;1650;168;252;-;0
MU;4212254;      Passo de Torres;4152;4982;-;0;120;120;-;0;-;0;4152;4982;-;0;120;120;-;0;-;0;4498;5398;-;0;375;375;495;743;-;0;4982;5978;-;0;900;900;558;837;-;0;4498;5398;-;0;517;517;558;837;-;0
MU;4213807;      Praia Grande;34020;40824;10;5;1980;1980;-;0;-;0;36515;43818;10;5;1800;1800;-;0;-;0;31752;38102;6;3;3780;3780;32;48;-;0;40597;48716;10;5;2772;2772;126;189;-;0;31752;38102;-;0;450;450;54;81;-;0
MU;4215653;      Santa Rosa do Sul;5535;6642;25;13;720;720;-;0;-;0;6847;8216;25;13;450;450;-;0;-;0;6396;7675;15;8;780;780;120;180;-;0;7380;8856;37;20;780;780;600;900;-;0;5800;6960;-;0;390;390;180;270;-;0
MU;4216404;      São João do Sul;39510;47412;20;11;3456;3456;-;0;-;0;32024;38429;20;11;3648;3648;-;0;-;0;38470;46164;25;13;4163;4163;900;1350;-;0;41590;49908;15;8;3960;3960;900;1350;-;0;31793;38152;-;0;900;900;180;270;-;0
MU;4217709;      Sombrio;12571;15085;20;11;4080;4080;-;0;-;0;12202;14642;25;13;4335;4335;75;113;-;0;12201;14641;125;66;11760;11760;450;675;-;0;13465;16158;21;11;12735;12735;1113;1670;-;0;10720;12864;-;0;4290;4290;342;513;-;0
MU;4218103;      Timbé do Sul;21051;25261;58;31;4797;4797;-;0;-;0;22220;26664;100;53;2153;2153;-;0;-;0;20100;24120;50;27;5166;5166;-;0;-;0;20817;24980;50;27;5073;5073;36;54;-;0;17542;21050;-;0;1890;1890;27;41;-;0
MU;4218806;      Turvo;108281;129937;88;47;10800;10800;105;158;-;0;110066;132079;58;31;8280;8280;129;194;-;0;104280;125136;40;21;7956;7956;1302;1953;-;0;112575;135090;40;21;7956;7956;1884;2826;-;0;90060;108072;2;1;3276;3276;810;1215;-;0
